-- phpMyAdmin SQL Dump
-- version 4.8.0.1
-- https://www.phpmyadmin.net/
--
-- Servidor: 127.0.0.1
-- Tiempo de generación: 01-11-2018 a las 19:34:32
-- Versión del servidor: 10.1.32-MariaDB
-- Versión de PHP: 5.6.36

SET SQL_MODE = "NO_AUTO_VALUE_ON_ZERO";
SET AUTOCOMMIT = 0;
START TRANSACTION;
SET time_zone = "+00:00";


/*!40101 SET @OLD_CHARACTER_SET_CLIENT=@@CHARACTER_SET_CLIENT */;
/*!40101 SET @OLD_CHARACTER_SET_RESULTS=@@CHARACTER_SET_RESULTS */;
/*!40101 SET @OLD_COLLATION_CONNECTION=@@COLLATION_CONNECTION */;
/*!40101 SET NAMES utf8mb4 */;

--
-- Base de datos: `regmintra`
--

-- --------------------------------------------------------

--
-- Estructura de tabla para la tabla `avances`
--

CREATE TABLE `avances` (
  `id` int(11) NOT NULL,
  `id_afiliado` varchar(50) NOT NULL,
  `id_unidad` varchar(10) DEFAULT NULL,
  `estado` varchar(2) NOT NULL,
  `municipio` varchar(2) NOT NULL,
  `nac_avan` varchar(1) NOT NULL,
  `ced_avan` varchar(10) NOT NULL,
  `nom_avan` varchar(50) NOT NULL,
  `ape_avan` varchar(50) NOT NULL,
  `email_avan` varchar(70) DEFAULT NULL,
  `telf_avan` varchar(14) DEFAULT NULL,
  `sercp_avan` varchar(15) DEFAULT NULL,
  `codcp_avan` varchar(15) DEFAULT NULL,
  `activo` int(1) NOT NULL
) ENGINE=InnoDB DEFAULT CHARSET=latin1;

--
-- Volcado de datos para la tabla `avances`
--

INSERT INTO `avances` (`id`, `id_afiliado`, `id_unidad`, `estado`, `municipio`, `nac_avan`, `ced_avan`, `nom_avan`, `ape_avan`, `email_avan`, `telf_avan`, `sercp_avan`, `codcp_avan`, `activo`) VALUES
(1, '17124684536', '65', '17', '12', 'V', '12666274', 'VARINIA', 'TORRES', 'luisguaiquirian@gmail.com', '04265803477', '1234567890', '0987654321', 1),
(3, '17124684536', NULL, '17', '12', 'V', '13222611', 'FARUK', 'ABOU HASSAN', 'luisguaiquirian@gmail.co', '04265803477', '1234567890', '0987654321', 1),
(13, '17124684536', NULL, '17', '12', 'V', '14008562', 'LUIS', 'GUAIQUIRIAN', 'luisguaiquirian@gmail.com', '04265803477', '1234567890', '0987654321', 1),
(14, '17124684536', '63', '17', '12', 'V', '20162330', 'ROSMARYS', 'FARIÃ‘AS', 'luisguaiquirian@gmail.com', '04265803477', '1234567890', '0987654321', 1);

-- --------------------------------------------------------

--
-- Estructura de tabla para la tabla `cauchos`
--

CREATE TABLE `cauchos` (
  `id` int(11) NOT NULL,
  `neumatico` varchar(255) NOT NULL
) ENGINE=InnoDB DEFAULT CHARSET=latin1;

--
-- Volcado de datos para la tabla `cauchos`
--

INSERT INTO `cauchos` (`id`, `neumatico`) VALUES
(1, '7,50-16'),
(2, '8-19,5'),
(3, '8,25-20'),
(4, '10,00-20'),
(5, '11,00-20'),
(6, '12,00-20'),
(7, '31X10,5R15'),
(8, '165/65R13'),
(9, '165/70R13'),
(10, '175/70R13'),
(11, '175/65R14'),
(12, '185/65R14'),
(13, '205/55R16'),
(14, '205/60R16'),
(15, '235/60R16'),
(16, '235/70R15'),
(17, '245/60R16'),
(18, '255/70R16'),
(19, '315/80R22,5 (YUTONG)'),
(20, '245/70R16 (TRONCALES)'),
(21, '295/80R22,5 (YUTONG)'),
(22, '10R22,5 (YUTONG)'),
(23, '12/22,5 RH 100 (YUTONG)'),
(24, '245/70R19,5 (TRONCALES)'),
(25, '275/70R22,5 (YUTONG)');

-- --------------------------------------------------------

--
-- Estructura de tabla para la tabla `detalles_solicitudes`
--

CREATE TABLE `detalles_solicitudes` (
  `id` int(11) NOT NULL,
  `id_user` int(11) NOT NULL,
  `id_solicitud` int(11) NOT NULL,
  `id_unidad` int(11) NOT NULL,
  `id_rubro` int(11) NOT NULL,
  `cantidad` int(11) NOT NULL,
  `fec_aprobado` date DEFAULT NULL,
  `fec_entrega` date DEFAULT NULL,
  `estatus` int(11) NOT NULL DEFAULT '1'
) ENGINE=InnoDB DEFAULT CHARSET=utf8 COLLATE=utf8_spanish2_ci;

-- --------------------------------------------------------

--
-- Estructura de tabla para la tabla `estados`
--

CREATE TABLE `estados` (
  `id` int(11) NOT NULL,
  `id_estado` int(11) NOT NULL,
  `estado` varchar(50) COLLATE utf8_unicode_ci NOT NULL
) ENGINE=InnoDB DEFAULT CHARSET=utf8 COLLATE=utf8_unicode_ci;

--
-- Volcado de datos para la tabla `estados`
--

INSERT INTO `estados` (`id`, `id_estado`, `estado`) VALUES
(1, 1, 'DISTRITO CAPITAL'),
(2, 2, 'ANZOATEGUI'),
(3, 3, 'APURE'),
(4, 4, 'ARAGUA'),
(5, 5, 'BARINAS'),
(6, 6, 'BOLIVAR'),
(7, 7, 'CARABOBO'),
(8, 8, 'COJEDES'),
(9, 9, 'FALCON'),
(10, 10, 'GUARICO'),
(11, 11, 'LARA'),
(12, 12, 'MERIDA'),
(13, 13, 'MIRANDA'),
(14, 14, 'MONAGAS'),
(15, 15, 'NUEVA ESPARTA'),
(16, 16, 'PORTUGUESA'),
(17, 17, 'SUCRE'),
(18, 18, 'TACHIRA'),
(19, 19, 'TRUJILLO'),
(20, 20, 'YARACUY'),
(21, 21, 'ZULIA'),
(22, 22, 'AMAZONAS'),
(23, 23, 'DELTA AMACURO'),
(24, 24, 'VARGAS');

-- --------------------------------------------------------

--
-- Estructura de tabla para la tabla `lineas_transporte`
--

CREATE TABLE `lineas_transporte` (
  `id_linea` int(11) NOT NULL,
  `nac_lin` varchar(1) NOT NULL,
  `rif` varchar(20) NOT NULL,
  `nombre_linea` varchar(255) NOT NULL,
  `estado` varchar(50) NOT NULL,
  `municipio` varchar(50) NOT NULL,
  `tipo_ruta` varchar(50) NOT NULL,
  `ruta` varchar(255) NOT NULL,
  `gremio` varchar(255) NOT NULL,
  `observaciones` varchar(255) DEFAULT NULL
) ENGINE=MyISAM DEFAULT CHARSET=latin1;

-- --------------------------------------------------------

--
-- Estructura de tabla para la tabla `lubricantes`
--

CREATE TABLE `lubricantes` (
  `id` int(11) NOT NULL,
  `lubricante` varchar(60) NOT NULL
) ENGINE=InnoDB DEFAULT CHARSET=latin1;

--
-- Volcado de datos para la tabla `lubricantes`
--

INSERT INTO `lubricantes` (`id`, `lubricante`) VALUES
(1, 'MAXIDIESEL PLUS SAE 50'),
(2, 'ULTRADIESEL 15W40'),
(3, 'MULTIGRADO 20W50'),
(4, 'TRANSFLUIDO DIII'),
(5, 'HIDROLUB AW 68');

-- --------------------------------------------------------

--
-- Estructura de tabla para la tabla `marcas_vehiculos`
--

CREATE TABLE `marcas_vehiculos` (
  `id` int(11) NOT NULL,
  `marca` varchar(50) NOT NULL
) ENGINE=InnoDB DEFAULT CHARSET=latin1;

--
-- Volcado de datos para la tabla `marcas_vehiculos`
--

INSERT INTO `marcas_vehiculos` (`id`, `marca`) VALUES
(1, 'ABARTH'),
(2, 'ALFA ROMEO'),
(3, 'ARO'),
(4, 'ASIA'),
(5, 'ASIA MOTORS'),
(6, 'ASTON MARTIN'),
(7, 'AUDI'),
(8, 'AUSTIN'),
(9, 'AUVERLAND'),
(10, 'BENTLEY'),
(11, 'BERTONE'),
(12, 'BMW'),
(13, 'CADILLAC'),
(14, 'CHEVROLET'),
(15, 'CHRYSLER'),
(16, 'CITROEN'),
(17, 'CORVETTE'),
(18, 'DACIA'),
(19, 'DAEWOO'),
(20, 'DAF'),
(21, 'DAIHATSU'),
(22, 'DAIMLER'),
(23, 'DODGE'),
(24, 'FERRARI'),
(25, 'FIAT'),
(26, 'FORD'),
(27, 'GALLOPER'),
(28, 'GMC'),
(29, 'HONDA'),
(30, 'HUMMER'),
(31, 'HYUNDAI'),
(32, 'INFINITI'),
(33, 'INNOCENTI'),
(34, 'ISUZU'),
(35, 'IVECO'),
(36, 'IVECO-PEGASO'),
(37, 'JAGUAR'),
(38, 'JEEP'),
(39, 'KIA'),
(40, 'LADA'),
(41, 'LAMBORGHINI'),
(42, 'LANCIA'),
(43, 'LAND-ROVER'),
(44, 'LDV'),
(45, 'LEXUS'),
(46, 'LOTUS'),
(47, 'MAHINDRA'),
(48, 'MASERATI'),
(49, 'MAYBACH'),
(50, 'MAZDA'),
(51, 'MERCEDES-BENZ'),
(52, 'MG'),
(53, 'MINI'),
(54, 'MITSUBISHI'),
(55, 'MORGAN'),
(56, 'NISSAN'),
(57, 'OPEL'),
(58, 'PEUGEOT'),
(59, 'PONTIAC'),
(60, 'PORSCHE'),
(61, 'RENAULT'),
(62, 'ROLLS-ROYCE'),
(63, 'ROVER'),
(64, 'SAAB'),
(65, 'SANTANA'),
(66, 'SEAT'),
(67, 'SKODA'),
(68, 'SMART'),
(69, 'SSANGYONG'),
(70, 'SUBARU'),
(71, 'SUZUKI'),
(72, 'TALBOT'),
(73, 'TATA'),
(74, 'TOYOTA'),
(75, 'UMM'),
(76, 'VAZ'),
(77, 'VOLKSWAGEN'),
(78, 'VOLVO'),
(79, 'WARTBURG');

-- --------------------------------------------------------

--
-- Estructura de tabla para la tabla `modelos_vehiculos`
--

CREATE TABLE `modelos_vehiculos` (
  `id` int(11) NOT NULL,
  `id_marca` int(11) NOT NULL,
  `modelo` varchar(60) NOT NULL
) ENGINE=InnoDB DEFAULT CHARSET=latin1;

--
-- Volcado de datos para la tabla `modelos_vehiculos`
--

INSERT INTO `modelos_vehiculos` (`id`, `id_marca`, `modelo`) VALUES
(1, 1, '500'),
(2, 1, 'GRANDE PUNTO'),
(3, 1, 'PUNTO EVO'),
(4, 1, '500C'),
(5, 1, '695'),
(6, 1, 'PUNTO'),
(7, 2, '155'),
(8, 2, '156'),
(9, 2, '159'),
(10, 2, '164'),
(11, 2, '145'),
(12, 2, '147'),
(13, 2, '146'),
(14, 2, 'GTV'),
(15, 2, 'SPIDER'),
(16, 2, '166'),
(17, 2, 'GT'),
(18, 2, 'CROSSWAGON'),
(19, 2, 'BRERA'),
(20, 2, '90'),
(21, 2, '75'),
(22, 2, '33'),
(23, 2, 'GIULIETTA'),
(24, 2, 'SPRINT'),
(25, 2, 'MITO'),
(26, 3, 'EXPANDER'),
(27, 3, '10'),
(28, 3, '24'),
(29, 3, 'DACIA'),
(30, 4, 'ROCSTA'),
(31, 5, 'ROCSTA'),
(32, 6, 'DB7'),
(33, 6, 'V8'),
(34, 6, 'DB9'),
(35, 6, 'VANQUISH'),
(36, 6, 'V8 VANTAGE'),
(37, 6, 'VANTAGE'),
(38, 6, 'DBS'),
(39, 6, 'VOLANTE'),
(40, 6, 'VIRAGE'),
(41, 6, 'VANTAGE V8'),
(42, 6, 'VANTAGE V12'),
(43, 6, 'RAPIDE'),
(44, 6, 'CYGNET'),
(45, 7, '80'),
(46, 7, 'A4'),
(47, 7, 'A6'),
(48, 7, 'S6'),
(49, 7, 'COUPE'),
(50, 7, 'S2'),
(51, 7, 'RS2'),
(52, 7, 'A8'),
(53, 7, 'CABRIOLET'),
(54, 7, 'S8'),
(55, 7, 'A3'),
(56, 7, 'S4'),
(57, 7, 'TT'),
(58, 7, 'S3'),
(59, 7, 'ALLROAD QUATTRO'),
(60, 7, 'RS4'),
(61, 7, 'A2'),
(62, 7, 'RS6'),
(63, 7, 'Q7'),
(64, 7, 'R8'),
(65, 7, 'A5'),
(66, 7, 'S5'),
(67, 7, 'V8'),
(68, 7, '200'),
(69, 7, '100'),
(70, 7, '90'),
(71, 7, 'TTS'),
(72, 7, 'Q5'),
(73, 7, 'A4 ALLROAD QUATTRO'),
(74, 7, 'TT RS'),
(75, 7, 'RS5'),
(76, 7, 'A1'),
(77, 7, 'A7'),
(78, 7, 'RS3'),
(79, 7, 'Q3'),
(80, 7, 'A6 ALLROAD QUATTRO'),
(81, 7, 'S7'),
(82, 7, 'SQ5'),
(83, 8, 'MINI'),
(84, 8, 'MONTEGO'),
(85, 8, 'MAESTRO'),
(86, 8, 'METRO'),
(87, 8, 'MINI MOKE'),
(88, 9, 'DIESEL'),
(89, 10, 'BROOKLANDS'),
(90, 10, 'TURBO'),
(91, 10, 'CONTINENTAL'),
(92, 10, 'AZURE'),
(93, 10, 'ARNAGE'),
(94, 10, 'CONTINENTAL GT'),
(95, 10, 'CONTINENTAL FLYING SPUR'),
(96, 10, 'TURBO R'),
(97, 10, 'MULSANNE'),
(98, 10, 'EIGHT'),
(99, 10, 'CONTINENTAL GTC'),
(100, 10, 'CONTINENTAL SUPERSPORTS'),
(101, 11, 'FREECLIMBER DIESEL'),
(102, 12, 'SERIE 3'),
(103, 12, 'SERIE 5'),
(104, 12, 'COMPACT'),
(105, 12, 'SERIE 7'),
(106, 12, 'SERIE 8'),
(107, 12, 'Z3'),
(108, 12, 'Z4'),
(109, 12, 'Z8'),
(110, 12, 'X5'),
(111, 12, 'SERIE 6'),
(112, 12, 'X3'),
(113, 12, 'SERIE 1'),
(114, 12, 'Z1'),
(115, 12, 'X6'),
(116, 12, 'X1'),
(117, 13, 'SEVILLE'),
(118, 13, 'STS'),
(119, 13, 'EL DORADO'),
(120, 13, 'CTS'),
(121, 13, 'XLR'),
(122, 13, 'SRX'),
(123, 13, 'ESCALADE'),
(124, 13, 'BLS'),
(125, 14, 'CORVETTE'),
(126, 14, 'BLAZER'),
(127, 14, 'ASTRO'),
(128, 14, 'NUBIRA'),
(129, 14, 'EVANDA'),
(130, 14, 'TRANS SPORT'),
(131, 14, 'CAMARO'),
(132, 14, 'MATIZ'),
(133, 14, 'ALERO'),
(134, 14, 'TAHOE'),
(135, 14, 'TACUMA'),
(136, 14, 'TRAILBLAZER'),
(137, 14, 'KALOS'),
(138, 14, 'AVEO'),
(139, 14, 'LACETTI'),
(140, 14, 'EPICA'),
(141, 14, 'CAPTIVA'),
(142, 14, 'HHR'),
(143, 14, 'CRUZE'),
(144, 14, 'SPARK'),
(145, 14, 'ORLANDO'),
(146, 14, 'VOLT'),
(147, 14, 'MALIBU'),
(148, 15, 'VISION'),
(149, 15, '300M'),
(150, 15, 'GRAND VOYAGER'),
(151, 15, 'VIPER'),
(152, 15, 'NEON'),
(153, 15, 'VOYAGER'),
(154, 15, 'STRATUS'),
(155, 15, 'SEBRING'),
(156, 15, 'SEBRING 200C'),
(157, 15, 'NEW YORKER'),
(158, 15, 'PT CRUISER'),
(159, 15, 'CROSSFIRE'),
(160, 15, '300C'),
(161, 15, 'LE BARON'),
(162, 15, 'SARATOGA'),
(163, 16, 'XANTIA'),
(164, 16, 'XM'),
(165, 16, 'AX'),
(166, 16, 'ZX'),
(167, 16, 'EVASION'),
(168, 16, 'C8'),
(169, 16, 'SAXO'),
(170, 16, 'C2'),
(171, 16, 'XSARA'),
(172, 16, 'C4'),
(173, 16, 'XSARA PICASSO'),
(174, 16, 'C5'),
(175, 16, 'C3'),
(176, 16, 'C3 PLURIEL'),
(177, 16, 'C1'),
(178, 16, 'C6'),
(179, 16, 'GRAND C4 PICASSO'),
(180, 16, 'C4 PICASSO'),
(181, 16, 'CCROSSER'),
(182, 16, 'C15'),
(183, 16, 'JUMPER'),
(184, 16, 'JUMPY'),
(185, 16, 'BERLINGO'),
(186, 16, 'BX'),
(187, 16, 'C25'),
(188, 16, 'CX'),
(189, 16, 'GSA'),
(190, 16, 'VISA'),
(191, 16, 'LNA'),
(192, 16, '2CV'),
(193, 16, 'NEMO'),
(194, 16, 'C4 SEDAN'),
(195, 16, 'BERLINGO FIRST'),
(196, 16, 'C3 PICASSO'),
(197, 16, 'DS3'),
(198, 16, 'CZERO'),
(199, 16, 'DS4'),
(200, 16, 'DS5'),
(201, 16, 'C4 AIRCROSS'),
(202, 16, 'CELYSEE'),
(203, 17, 'CORVETTE'),
(204, 18, 'CONTAC'),
(205, 18, 'LOGAN'),
(206, 18, 'SANDERO'),
(207, 18, 'DUSTER'),
(208, 18, 'LODGY'),
(209, 19, 'NEXIA'),
(210, 19, 'ARANOS'),
(211, 19, 'LANOS'),
(212, 19, 'NUBIRA'),
(213, 19, 'COMPACT'),
(214, 19, 'NUBIRA COMPACT'),
(215, 19, 'LEGANZA'),
(216, 19, 'EVANDA'),
(217, 19, 'MATIZ'),
(218, 19, 'TACUMA'),
(219, 19, 'KALOS'),
(220, 19, 'LACETTI'),
(221, 21, 'APPLAUSE'),
(222, 21, 'CHARADE'),
(223, 21, 'ROCKY'),
(224, 21, 'FEROZA'),
(225, 21, 'TERIOS'),
(226, 21, 'SIRION'),
(227, 22, 'SERIE XJ'),
(228, 22, 'XJ'),
(229, 22, 'DOUBLE SIX'),
(230, 22, 'SIX'),
(231, 22, 'SERIES III'),
(232, 23, 'VIPER'),
(233, 23, 'CALIBER'),
(234, 23, 'NITRO'),
(235, 23, 'AVENGER'),
(236, 23, 'JOURNEY'),
(237, 24, 'F355'),
(238, 24, '360'),
(239, 24, 'F430'),
(240, 24, 'F512 M'),
(241, 24, '550 MARANELLO'),
(242, 24, '575M MARANELLO'),
(243, 24, '599'),
(244, 24, '456'),
(245, 24, '456M'),
(246, 24, '612'),
(247, 24, 'F50'),
(248, 24, 'ENZO'),
(249, 24, 'SUPERAMERICA'),
(250, 24, '430'),
(251, 24, '348'),
(252, 24, 'TESTAROSSA'),
(253, 24, '512'),
(254, 24, '355'),
(255, 24, 'F40'),
(256, 24, '412'),
(257, 24, 'MONDIAL'),
(258, 24, '328'),
(259, 24, 'CALIFORNIA'),
(260, 24, '458'),
(261, 24, 'FF'),
(262, 25, 'CROMA'),
(263, 25, 'CINQUECENTO'),
(264, 25, 'SEICENTO'),
(265, 25, 'PUNTO'),
(266, 25, 'GRANDE PUNTO'),
(267, 25, 'PANDA'),
(268, 25, 'TIPO'),
(269, 25, 'COUPE'),
(270, 25, 'UNO'),
(271, 25, 'ULYSSE'),
(272, 25, 'TEMPRA'),
(273, 25, 'MAREA'),
(274, 25, 'BARCHETTA'),
(275, 25, 'BRAVO'),
(276, 25, 'STILO'),
(277, 25, 'BRAVA'),
(278, 25, 'PALIO WEEKEND'),
(279, 25, '600'),
(280, 25, 'MULTIPLA'),
(281, 25, 'IDEA'),
(282, 25, 'SEDICI'),
(283, 25, 'LINEA'),
(284, 25, '500'),
(285, 25, 'FIORINO'),
(286, 25, 'DUCATO'),
(287, 25, 'DOBLO CARGO'),
(288, 25, 'DOBLO'),
(289, 25, 'STRADA'),
(290, 25, 'REGATA'),
(291, 25, 'TALENTO'),
(292, 25, 'ARGENTA'),
(293, 25, 'RITMO'),
(294, 25, 'PUNTO CLASSIC'),
(295, 25, 'QUBO'),
(296, 25, 'PUNTO EVO'),
(297, 25, '500C'),
(298, 25, 'FREEMONT'),
(299, 25, 'PANDA CLASSIC'),
(300, 25, '500L'),
(301, 26, 'MAVERICK'),
(302, 26, 'ESCORT'),
(303, 26, 'FOCUS'),
(304, 26, 'MONDEO'),
(305, 26, 'SCORPIO'),
(306, 26, 'FIESTA'),
(307, 26, 'PROBE'),
(308, 26, 'EXPLORER'),
(309, 26, 'GALAXY'),
(310, 26, 'KA'),
(311, 26, 'PUMA'),
(312, 26, 'COUGAR'),
(313, 26, 'FOCUS CMAX'),
(314, 26, 'FUSION'),
(315, 26, 'STREETKA'),
(316, 26, 'CMAX'),
(317, 26, 'SMAX'),
(318, 26, 'TRANSIT'),
(319, 26, 'COURIER'),
(320, 26, 'RANGER'),
(321, 26, 'SIERRA'),
(322, 26, 'ORION'),
(323, 26, 'PICK UP'),
(324, 26, 'CAPRI'),
(325, 26, 'GRANADA'),
(326, 26, 'KUGA'),
(327, 26, 'GRAND CMAX'),
(328, 26, 'BMAX'),
(329, 26, 'TOURNEO CUSTOM'),
(330, 27, 'EXCEED'),
(331, 27, 'SANTAMO'),
(332, 27, 'SUPER EXCEED'),
(333, 29, 'ACCORD'),
(334, 29, 'CIVIC'),
(335, 29, 'CRX'),
(336, 29, 'PRELUDE'),
(337, 29, 'NSX'),
(338, 29, 'LEGEND'),
(339, 29, 'CRV'),
(340, 29, 'HRV'),
(341, 29, 'LOGO'),
(342, 29, 'S2000'),
(343, 29, 'STREAM'),
(344, 29, 'JAZZ'),
(345, 29, 'FRV'),
(346, 29, 'CONCERTO'),
(347, 29, 'INSIGHT'),
(348, 29, 'CRZ'),
(349, 30, 'H2'),
(350, 30, 'H3'),
(351, 30, 'H3T'),
(352, 31, 'LANTRA'),
(353, 31, 'SONATA'),
(354, 31, 'ELANTRA'),
(355, 31, 'ACCENT'),
(356, 31, 'SCOUPE'),
(357, 31, 'COUPE'),
(358, 31, 'ATOS'),
(359, 31, 'H1'),
(360, 31, 'ATOS PRIME'),
(361, 31, 'XG'),
(362, 31, 'TRAJET'),
(363, 31, 'SANTA FE'),
(364, 31, 'TERRACAN'),
(365, 31, 'MATRIX'),
(366, 31, 'GETZ'),
(367, 31, 'TUCSON'),
(368, 31, 'I30'),
(369, 31, 'PONY'),
(370, 31, 'GRANDEUR'),
(371, 31, 'I10'),
(372, 31, 'I800'),
(373, 31, 'SONATA FL'),
(374, 31, 'IX55'),
(375, 31, 'I20'),
(376, 31, 'IX35'),
(377, 31, 'IX20'),
(378, 31, 'GENESIS'),
(379, 31, 'I40'),
(380, 31, 'VELOSTER'),
(381, 32, 'G'),
(382, 32, 'EX'),
(383, 32, 'FX'),
(384, 32, 'M'),
(385, 33, 'ELBA'),
(386, 33, 'MINITRE'),
(387, 34, 'TROOPER'),
(388, 34, 'PICK UP'),
(389, 34, 'D MAX'),
(390, 34, 'RODEO'),
(391, 34, 'DMAX'),
(392, 34, 'TRROPER'),
(393, 35, 'DAILY'),
(394, 35, 'MASSIF'),
(395, 36, 'DAILY'),
(396, 36, 'DUTY'),
(397, 37, 'SERIE XJ'),
(398, 37, 'SERIE XK'),
(399, 37, 'XJ'),
(400, 37, 'STYPE'),
(401, 37, 'XF'),
(402, 37, 'XTYPE'),
(403, 38, 'WRANGLER'),
(404, 38, 'CHEROKEE'),
(405, 38, 'GRAND CHEROKEE'),
(406, 38, 'COMMANDER'),
(407, 38, 'COMPASS'),
(408, 38, 'WRANGLER UNLIMITED'),
(409, 38, 'PATRIOT'),
(410, 39, 'SPORTAGE'),
(411, 39, 'SEPHIA'),
(412, 39, 'SEPHIA II'),
(413, 39, 'PRIDE'),
(414, 39, 'CLARUS'),
(415, 39, 'SHUMA'),
(416, 39, 'CARNIVAL'),
(417, 39, 'JOICE'),
(418, 39, 'MAGENTIS'),
(419, 39, 'CARENS'),
(420, 39, 'RIO'),
(421, 39, 'CERATO'),
(422, 39, 'SORENTO'),
(423, 39, 'OPIRUS'),
(424, 39, 'PICANTO'),
(425, 39, 'CEED'),
(426, 39, 'CEED SPORTY WAGON'),
(427, 39, 'PROCEED'),
(428, 39, 'K2500 FRONTIER'),
(429, 39, 'K2500'),
(430, 39, 'SOUL'),
(431, 39, 'VENGA'),
(432, 39, 'OPTIMA'),
(433, 39, 'CEED SPORTSWAGON'),
(434, 40, 'SAMARA'),
(435, 40, 'NIVA'),
(436, 40, 'SAGONA'),
(437, 40, 'STAWRA 2110'),
(438, 40, '214'),
(439, 40, 'KALINA'),
(440, 40, 'SERIE 2100'),
(441, 40, 'PRIORA'),
(442, 41, 'GALLARDO'),
(443, 41, 'MURCIELAGO'),
(444, 41, 'AVENTADOR'),
(445, 42, 'DELTA'),
(446, 42, 'K'),
(447, 42, 'Y10'),
(448, 42, 'DEDRA'),
(449, 42, 'LYBRA'),
(450, 42, 'Z'),
(451, 42, 'Y'),
(452, 42, 'YPSILON'),
(453, 42, 'THESIS'),
(454, 42, 'PHEDRA'),
(455, 42, 'MUSA'),
(456, 42, 'THEMA'),
(457, 42, 'ZETA'),
(458, 42, 'KAPPA'),
(459, 42, 'TREVI'),
(460, 42, 'PRISMA'),
(461, 42, 'A112'),
(462, 42, 'YPSILON ELEFANTINO'),
(463, 42, 'VOYAGER'),
(464, 43, 'RANGE ROVER'),
(465, 43, 'DEFENDER'),
(466, 43, 'DISCOVERY'),
(467, 43, 'FREELANDER'),
(468, 43, 'RANGE ROVER SPORT'),
(469, 43, 'DISCOVERY 4'),
(470, 43, 'RANGE ROVER EVOQUE'),
(471, 44, 'MAXUS'),
(472, 45, 'LS400'),
(473, 45, 'LS430'),
(474, 45, 'GS300'),
(475, 45, 'IS200'),
(476, 45, 'RX300'),
(477, 45, 'GS430'),
(478, 45, 'GS460'),
(479, 45, 'SC430'),
(480, 45, 'IS300'),
(481, 45, 'IS250'),
(482, 45, 'RX400H'),
(483, 45, 'IS220D'),
(484, 45, 'RX350'),
(485, 45, 'GS450H'),
(486, 45, 'LS460'),
(487, 45, 'LS600H'),
(488, 45, 'LS'),
(489, 45, 'GS'),
(490, 45, 'IS'),
(491, 45, 'SC'),
(492, 45, 'RX'),
(493, 45, 'CT'),
(494, 46, 'ELISE'),
(495, 46, 'EXIGE'),
(496, 47, 'BOLERO PICKUP'),
(497, 47, 'GOA PICKUP'),
(498, 47, 'GOA'),
(499, 47, 'CJ'),
(500, 47, 'PIKUP'),
(501, 47, 'THAR'),
(502, 48, 'GHIBLI'),
(503, 48, 'SHAMAL'),
(504, 48, 'QUATTROPORTE'),
(505, 48, '3200 GT'),
(506, 48, 'COUPE'),
(507, 48, 'SPYDER'),
(508, 48, 'GRANSPORT'),
(509, 48, 'GRANTURISMO'),
(510, 48, '430'),
(511, 48, 'BITURBO'),
(512, 48, '228'),
(513, 48, '224'),
(514, 48, 'GRANCABRIO'),
(515, 49, 'MAYBACH'),
(516, 50, 'XEDOS 6'),
(517, 50, '626'),
(518, 50, '121'),
(519, 50, 'XEDOS 9'),
(520, 50, '323'),
(521, 50, 'MX3'),
(522, 50, 'RX7'),
(523, 50, 'MX5'),
(524, 50, 'MAZDA3'),
(525, 50, 'MPV'),
(526, 50, 'DEMIO'),
(527, 50, 'PREMACY'),
(528, 50, 'TRIBUTE'),
(529, 50, 'MAZDA6'),
(530, 50, 'MAZDA2'),
(531, 50, 'RX8'),
(532, 50, 'MAZDA5'),
(533, 50, 'CX7'),
(534, 50, 'SERIE B'),
(535, 50, 'B2500'),
(536, 50, 'BT50'),
(537, 50, 'MX6'),
(538, 50, '929'),
(539, 50, 'CX5'),
(540, 51, 'CLASE C'),
(541, 51, 'CLASE E'),
(542, 51, 'CLASE SL'),
(543, 51, 'CLASE S'),
(544, 51, 'CLASE CL'),
(545, 51, 'CLASE G'),
(546, 51, 'CLASE SLK'),
(547, 51, 'CLASE V'),
(548, 51, 'VIANO'),
(549, 51, 'CLASE CLK'),
(550, 51, 'CLASE A'),
(551, 51, 'CLASE M'),
(552, 51, 'VANEO'),
(553, 51, 'SLKLASSE'),
(554, 51, 'SLR MCLAREN'),
(555, 51, 'CLASE CLS'),
(556, 51, 'CLASE R'),
(557, 51, 'CLASE GL'),
(558, 51, 'CLASE B'),
(559, 51, '100D'),
(560, 51, '140D'),
(561, 51, '180D'),
(562, 51, 'SPRINTER'),
(563, 51, 'VITO'),
(564, 51, 'TRANSPORTER'),
(565, 51, '280'),
(566, 51, '220'),
(567, 51, '200'),
(568, 51, '190'),
(569, 51, '600'),
(570, 51, '400'),
(571, 51, 'CLASE SL R129'),
(572, 51, '300'),
(573, 51, '500'),
(574, 51, '420'),
(575, 51, '260'),
(576, 51, '230'),
(577, 51, 'CLASE CLC'),
(578, 51, 'CLASE GLK'),
(579, 51, 'SLS AMG'),
(580, 52, 'MGF'),
(581, 52, 'TF'),
(582, 52, 'ZR'),
(583, 52, 'ZS'),
(584, 52, 'ZT'),
(585, 52, 'ZTT'),
(586, 52, 'MINI'),
(587, 52, 'COUNTRYMAN'),
(588, 52, 'PACEMAN'),
(589, 54, 'MONTERO'),
(590, 54, 'GALANT'),
(591, 54, 'COLT'),
(592, 54, 'SPACE WAGON'),
(593, 54, 'SPACE RUNNER'),
(594, 54, 'SPACE GEAR'),
(595, 54, '3000 GT'),
(596, 54, 'CARISMA'),
(597, 54, 'ECLIPSE'),
(598, 54, 'SPACE STAR'),
(599, 54, 'MONTERO SPORT'),
(600, 54, 'MONTERO IO'),
(601, 54, 'OUTLANDER'),
(602, 54, 'LANCER'),
(603, 54, 'GRANDIS'),
(604, 54, 'L200'),
(605, 54, 'CANTER'),
(606, 54, '300 GT'),
(607, 54, 'ASX'),
(608, 54, 'IMIEV'),
(609, 55, '44'),
(610, 55, 'PLUS 8'),
(611, 55, 'AERO 8'),
(612, 55, 'V6'),
(613, 55, 'ROADSTER'),
(614, 55, '4'),
(615, 55, 'PLUS 4'),
(616, 56, 'TERRANO II'),
(617, 56, 'TERRANO'),
(618, 56, 'MICRA'),
(619, 56, 'SUNNY'),
(620, 56, 'PRIMERA'),
(621, 56, 'SERENA'),
(622, 56, 'PATROL'),
(623, 56, 'MAXIMA QX'),
(624, 56, '200 SX'),
(625, 56, '300 ZX'),
(626, 56, 'PATROL GR'),
(627, 56, '100 NX'),
(628, 56, 'ALMERA'),
(629, 56, 'PATHFINDER'),
(630, 56, 'ALMERA TINO'),
(631, 56, 'XTRAIL'),
(632, 56, '350Z'),
(633, 56, 'MURANO'),
(634, 56, 'NOTE'),
(635, 56, 'QASHQAI'),
(636, 56, 'TIIDA'),
(637, 56, 'VANETTE'),
(638, 56, 'TRADE'),
(639, 56, 'VANETTE CARGO'),
(640, 56, 'PICKUP'),
(641, 56, 'NAVARA'),
(642, 56, 'CABSTAR E'),
(643, 56, 'CABSTAR'),
(644, 56, 'MAXIMA'),
(645, 56, 'CAMION'),
(646, 56, 'PRAIRIE'),
(647, 56, 'BLUEBIRD'),
(648, 56, 'NP300 PICK UP'),
(649, 56, 'QASHQAI2'),
(650, 56, 'PIXO'),
(651, 56, 'GTR'),
(652, 56, '370Z'),
(653, 56, 'CUBE'),
(654, 56, 'JUKE'),
(655, 56, 'LEAF'),
(656, 56, 'EVALIA'),
(657, 57, 'ASTRA'),
(658, 57, 'VECTRA'),
(659, 57, 'CALIBRA'),
(660, 57, 'CORSA'),
(661, 57, 'OMEGA'),
(662, 57, 'FRONTERA'),
(663, 57, 'TIGRA'),
(664, 57, 'MONTEREY'),
(665, 57, 'SINTRA'),
(666, 57, 'ZAFIRA'),
(667, 57, 'AGILA'),
(668, 57, 'SPEEDSTER'),
(669, 57, 'SIGNUM'),
(670, 57, 'MERIVA'),
(671, 57, 'ANTARA'),
(672, 57, 'GT'),
(673, 57, 'COMBO'),
(674, 57, 'MOVANO'),
(675, 57, 'VIVARO'),
(676, 57, 'KADETT'),
(677, 57, 'MONZA'),
(678, 57, 'SENATOR'),
(679, 57, 'REKORD'),
(680, 57, 'MANTA'),
(681, 57, 'ASCONA'),
(682, 57, 'INSIGNIA'),
(683, 57, 'ZAFIRA TOURER'),
(684, 57, 'AMPERA'),
(685, 57, 'MOKKA'),
(686, 57, 'ADAM'),
(687, 58, '306'),
(688, 58, '605'),
(689, 58, '106'),
(690, 58, '205'),
(691, 58, '405'),
(692, 58, '406'),
(693, 58, '806'),
(694, 58, '807'),
(695, 58, '407'),
(696, 58, '307'),
(697, 58, '206'),
(698, 58, '607'),
(699, 58, '308'),
(700, 58, '307 SW'),
(701, 58, '206 SW'),
(702, 58, '407 SW'),
(703, 58, '1007'),
(704, 58, '107'),
(705, 58, '207'),
(706, 58, '4007'),
(707, 58, 'BOXER'),
(708, 58, 'PARTNER'),
(709, 58, 'J5'),
(710, 58, '604'),
(711, 58, '505'),
(712, 58, '309'),
(713, 58, 'BIPPER'),
(714, 58, 'PARTNER ORIGIN'),
(715, 58, '3008'),
(716, 58, '5008'),
(717, 58, 'RCZ'),
(718, 58, '508'),
(719, 58, 'ION'),
(720, 58, '208'),
(721, 58, '4008'),
(722, 59, 'TRANS SPORT'),
(723, 59, 'FIREBIRD'),
(724, 59, 'TRANS AM'),
(725, 60, '911'),
(726, 60, 'BOXSTER'),
(727, 60, 'CAYENNE'),
(728, 60, 'CARRERA GT'),
(729, 60, 'CAYMAN'),
(730, 60, '928'),
(731, 60, '968'),
(732, 60, '944'),
(733, 60, '924'),
(734, 60, 'PANAMERA'),
(735, 60, '918'),
(736, 61, 'MEGANE'),
(737, 61, 'SAFRANE'),
(738, 61, 'LAGUNA'),
(739, 61, 'CLIO'),
(740, 61, 'TWINGO'),
(741, 61, 'NEVADA'),
(742, 61, 'ESPACE'),
(743, 61, 'SPIDER'),
(744, 61, 'SCENIC'),
(745, 61, 'GRAND ESPACE'),
(746, 61, 'AVANTIME'),
(747, 61, 'VEL SATIS'),
(748, 61, 'GRAND SCENIC'),
(749, 61, 'CLIO CAMPUS'),
(750, 61, 'MODUS'),
(751, 61, 'EXPRESS'),
(752, 61, 'TRAFIC'),
(753, 61, 'MASTER'),
(754, 61, 'KANGOO'),
(755, 61, 'MASCOTT'),
(756, 61, 'MASTER PROPULSION'),
(757, 61, 'MAXITY'),
(758, 61, 'R19'),
(759, 61, 'R25'),
(760, 61, 'R5'),
(761, 61, 'R21'),
(762, 61, 'R4'),
(763, 61, 'ALPINE'),
(764, 61, 'FUEGO'),
(765, 61, 'R18'),
(766, 61, 'R11'),
(767, 61, 'R9'),
(768, 61, 'R6'),
(769, 61, 'GRAND MODUS'),
(770, 61, 'KANGOO COMBI'),
(771, 61, 'KOLEOS'),
(772, 61, 'FLUENCE'),
(773, 61, 'WIND'),
(774, 61, 'LATITUDE'),
(775, 61, 'GRAND KANGOO COMBI'),
(776, 62, 'SIVER DAWN'),
(777, 62, 'SILVER SPUR'),
(778, 62, 'PARK WARD'),
(779, 62, 'SILVER SERAPH'),
(780, 62, 'CORNICHE'),
(781, 62, 'PHANTOM'),
(782, 62, 'TOURING'),
(783, 62, 'SILVIER'),
(784, 63, '800'),
(785, 63, '600'),
(786, 63, '100'),
(787, 63, '200'),
(788, 63, 'COUPE'),
(789, 63, '400'),
(790, 63, '45'),
(791, 63, 'CABRIOLET'),
(792, 63, '25'),
(793, 63, 'MINI'),
(794, 63, '75'),
(795, 63, 'STREETWISE'),
(796, 63, 'SD'),
(797, 64, '900'),
(798, 64, '93'),
(799, 64, '9000'),
(800, 64, '95'),
(801, 64, '93X'),
(802, 64, '94X'),
(803, 65, '300'),
(804, 65, '350'),
(805, 65, 'ANIBAL'),
(806, 65, 'ANIBAL PICK UP'),
(807, 66, 'IBIZA'),
(808, 66, 'CORDOBA'),
(809, 66, 'TOLEDO'),
(810, 66, 'MARBELLA'),
(811, 66, 'ALHAMBRA'),
(812, 66, 'AROSA'),
(813, 66, 'LEON'),
(814, 66, 'ALTEA'),
(815, 66, 'ALTEA XL'),
(816, 66, 'ALTEA FREETRACK'),
(817, 66, 'TERRA'),
(818, 66, 'INCA'),
(819, 66, 'MALAGA'),
(820, 66, 'RONDA'),
(821, 66, 'EXEO'),
(822, 66, 'MII'),
(823, 67, 'FELICIA'),
(824, 67, 'FORMAN'),
(825, 67, 'OCTAVIA'),
(826, 67, 'OCTAVIA TOUR'),
(827, 67, 'FABIA'),
(828, 67, 'SUPERB'),
(829, 67, 'ROOMSTER'),
(830, 67, 'SCOUT'),
(831, 67, 'PICKUP'),
(832, 67, 'FAVORIT'),
(833, 67, '130'),
(834, 67, 'S'),
(835, 67, 'YETI'),
(836, 67, 'CITIGO'),
(837, 67, 'RAPID'),
(838, 68, 'SMART'),
(839, 68, 'CITYCOUPE'),
(840, 68, 'FORTWO'),
(841, 68, 'CABRIO'),
(842, 68, 'CROSSBLADE'),
(843, 68, 'ROADSTER'),
(844, 68, 'FORFOUR'),
(845, 69, 'KORANDO'),
(846, 69, 'FAMILY'),
(847, 69, 'K4D'),
(848, 69, 'MUSSO'),
(849, 69, 'KORANDO KJ'),
(850, 69, 'REXTON'),
(851, 69, 'REXTON II'),
(852, 69, 'RODIUS'),
(853, 69, 'KYRON'),
(854, 69, 'ACTYON'),
(855, 69, 'SPORTS PICK UP'),
(856, 69, 'ACTYON SPORTS PICK UP'),
(857, 69, 'KODANDO'),
(858, 70, 'LEGACY'),
(859, 70, 'IMPREZA'),
(860, 70, 'SVX'),
(861, 70, 'JUSTY'),
(862, 70, 'OUTBACK'),
(863, 70, 'FORESTER'),
(864, 70, 'G3X JUSTY'),
(865, 70, 'B9 TRIBECA'),
(866, 70, 'XT'),
(867, 70, '1800'),
(868, 70, 'TRIBECA'),
(869, 70, 'WRX STI'),
(870, 70, 'TREZIA'),
(871, 70, 'XV'),
(872, 70, 'BRZ'),
(873, 71, 'MARUTI'),
(874, 71, 'SWIFT'),
(875, 71, 'VITARA'),
(876, 71, 'BALENO'),
(877, 71, 'SAMURAI'),
(878, 71, 'ALTO'),
(879, 71, 'WAGON R'),
(880, 71, 'JIMNY'),
(881, 71, 'GRAND VITARA'),
(882, 71, 'IGNIS'),
(883, 71, 'LIANA'),
(884, 71, 'GRAND VITARA XL7'),
(885, 71, 'SX4'),
(886, 71, 'SPLASH'),
(887, 71, 'KIZASHI'),
(888, 72, 'SAMBA'),
(889, 72, 'TAGORA'),
(890, 72, 'SOLARA'),
(891, 72, 'HORIZON'),
(892, 73, 'TELCOSPORT'),
(893, 73, 'TELCO'),
(894, 73, 'SUMO'),
(895, 73, 'SAFARI'),
(896, 73, 'INDICA'),
(897, 73, 'INDIGO'),
(898, 73, 'GRAND SAFARI'),
(899, 73, 'TL PICK UP'),
(900, 73, 'XENON PICK UP'),
(901, 73, 'VISTA'),
(902, 73, 'XENON'),
(903, 73, 'ARIA'),
(904, 74, 'CARINA E'),
(905, 74, '4RUNNER'),
(906, 74, 'CAMRY'),
(907, 74, 'RAV4'),
(908, 74, 'CELICA'),
(909, 74, 'SUPRA'),
(910, 74, 'PASEO'),
(911, 74, 'LAND CRUISER 80'),
(912, 74, 'LAND CRUISER 100'),
(913, 74, 'LAND CRUISER'),
(914, 74, 'LAND CRUISER 90'),
(915, 74, 'COROLLA'),
(916, 74, 'AURIS'),
(917, 74, 'AVENSIS'),
(918, 74, 'PICNIC'),
(919, 74, 'YARIS'),
(920, 74, 'YARIS VERSO'),
(921, 74, 'MR2'),
(922, 74, 'PREVIA'),
(923, 74, 'PRIUS'),
(924, 74, 'AVENSIS VERSO'),
(925, 74, 'COROLLA VERSO'),
(926, 74, 'COROLLA SEDAN'),
(927, 74, 'AYGO'),
(928, 74, 'HILUX'),
(929, 74, 'DYNA'),
(930, 74, 'LAND CRUISER 200'),
(931, 74, 'VERSO'),
(932, 74, 'IQ'),
(933, 74, 'URBAN CRUISER'),
(934, 74, 'GT86'),
(935, 75, '100'),
(936, 75, '121'),
(937, 76, '214'),
(938, 76, '110 STAWRA'),
(939, 76, '111 STAWRA'),
(940, 76, '215'),
(941, 76, '112 STAWRA'),
(942, 77, 'PASSAT'),
(943, 77, 'GOLF'),
(944, 77, 'VENTO'),
(945, 77, 'POLO'),
(946, 77, 'CORRADO'),
(947, 77, 'SHARAN'),
(948, 77, 'LUPO'),
(949, 77, 'BORA'),
(950, 77, 'JETTA'),
(951, 77, 'NEW BEETLE'),
(952, 77, 'PHAETON'),
(953, 77, 'TOUAREG'),
(954, 77, 'TOURAN'),
(955, 77, 'MULTIVAN'),
(956, 77, 'CADDY'),
(957, 77, 'GOLF PLUS'),
(958, 77, 'FOX'),
(959, 77, 'EOS'),
(960, 77, 'CARAVELLE'),
(961, 77, 'TIGUAN'),
(962, 77, 'TRANSPORTER'),
(963, 77, 'LT'),
(964, 77, 'TARO'),
(965, 77, 'CRAFTER'),
(966, 77, 'CALIFORNIA'),
(967, 77, 'SANTANA'),
(968, 77, 'SCIROCCO'),
(969, 77, 'PASSAT CC'),
(970, 77, 'AMAROK'),
(971, 77, 'BEETLE'),
(972, 77, 'UP'),
(973, 77, 'CC'),
(974, 78, '440'),
(975, 78, '850'),
(976, 78, 'S70'),
(977, 78, 'V70'),
(978, 78, 'V70 CLASSIC'),
(979, 78, '940'),
(980, 78, '480'),
(981, 78, '460'),
(982, 78, '960'),
(983, 78, 'S90'),
(984, 78, 'V90'),
(985, 78, 'CLASSIC'),
(986, 78, 'S40'),
(987, 78, 'V40'),
(988, 78, 'V50'),
(989, 78, 'V70 XC'),
(990, 78, 'XC70'),
(991, 78, 'C70'),
(992, 78, 'S80'),
(993, 78, 'S60'),
(994, 78, 'XC90'),
(995, 78, 'C30'),
(996, 78, '780'),
(997, 78, '760'),
(998, 78, '740'),
(999, 78, '240'),
(1000, 78, '360'),
(1001, 78, '340'),
(1002, 78, 'XC60'),
(1003, 78, 'V60'),
(1004, 78, 'V40 CROSS COUNTRY'),
(1005, 79, '353'),
(1006, 53, 'MINI'),
(1007, 53, 'COUNTRYMAN'),
(1008, 53, 'PACEMAN');

-- --------------------------------------------------------

--
-- Estructura de tabla para la tabla `municipios`
--

CREATE TABLE `municipios` (
  `id` int(11) NOT NULL,
  `id_municipio` int(11) DEFAULT NULL,
  `municipio` varchar(50) COLLATE utf8_unicode_ci NOT NULL,
  `id_estado` int(11) DEFAULT NULL
) ENGINE=InnoDB DEFAULT CHARSET=utf8 COLLATE=utf8_unicode_ci;

--
-- Volcado de datos para la tabla `municipios`
--

INSERT INTO `municipios` (`id`, `id_municipio`, `municipio`, `id_estado`) VALUES
(1, 6, 'SAN FERNANDO', 3),
(2, 1, 'ACHAGUAS', 3),
(3, 7, 'BIRUACA', 3),
(4, 2, 'MUÑOZ', 3),
(5, 3, 'PAEZ', 3),
(6, 4, 'PEDRO CAMEJO', 3),
(7, 5, 'ROMULO GALLEGOS', 3),
(8, 2, 'BARINAS', 5),
(9, 10, 'ANTONIO JOSE DE SUCRE', 5),
(10, 9, 'ALBERTO ARVELO TORREALBA', 5),
(11, 12, 'ANDRES ELOY BLANCO', 5),
(12, 1, 'ARISMENDI', 5),
(13, 3, 'BOLIVAR', 5),
(14, 11, 'CRUZ PAREDES', 5),
(15, 4, 'EZEQUIEL ZAMORA', 5),
(16, 5, 'OBISPOS', 5),
(17, 6, 'PEDRAZA', 5),
(18, 7, 'ROJAS', 5),
(19, 8, 'SOSA', 5),
(20, 3, 'HERES', 6),
(21, 8, 'BOLIVARIANO ANGOSTURA', 6),
(22, 1, 'CARONI', 6),
(23, 2, 'CEDEÑO', 6),
(24, 10, 'EL CALLAO', 6),
(25, 9, 'GRAN SABANA', 6),
(26, 11, 'PADRE PEDRO CHIEN', 6),
(27, 4, 'PIAR', 6),
(28, 5, 'ROSCIO', 6),
(29, 7, 'SIFONTES', 6),
(30, 6, 'SUCRE', 6),
(31, 2, 'IRIBARREN', 11),
(32, 8, 'ANDRES ELOY BLANCO', 11),
(33, 1, 'CRESPO', 11),
(34, 3, 'JIMENEZ', 11),
(35, 4, 'MORAN', 11),
(36, 5, 'PALAVECINO', 11),
(37, 9, 'SIMON PLANAS', 11),
(38, 6, 'TORRES', 11),
(39, 7, 'URDANETA', 11),
(40, 1, 'ATURES', 22),
(41, 7, 'ALTO ORINOCO', 22),
(42, 2, 'ATABAPO', 22),
(43, 5, 'AUTANA', 22),
(44, 6, 'MANAPIARE', 22),
(45, 3, 'MAROA', 22),
(46, 4, 'RIO NEGRO', 22),
(47, 3, 'BOLIVAR', 2),
(48, 1, 'ANACO', 2),
(49, 2, 'ARAGUA', 2),
(50, 4, 'BRUZUAL', 2),
(51, 5, 'CAJIGAL', 2),
(52, 18, 'CARVAJAL', 2),
(53, 6, 'FREITES', 2),
(54, 14, 'GUANIPA', 2),
(55, 15, 'GUANTA', 2),
(56, 7, 'INDEPENDENCIA', 2),
(57, 17, 'L/DIEGO BAUTISTA', 2),
(58, 8, 'LIBERTAD', 2),
(59, 20, 'MC GREGOR', 2),
(60, 9, 'MIRANDA', 2),
(61, 10, 'MONAGAS', 2),
(62, 11, 'PEÑALVER', 2),
(63, 16, 'PIRITU', 2),
(64, 19, 'SANTA ANA', 2),
(65, 12, 'SIMON RODRIGUEZ', 2),
(66, 21, 'S JUAN CAPISTRANO', 2),
(67, 13, 'SOTILLO', 2),
(68, 8, 'LIBERTADOR', 12),
(69, 1, 'ALBERTO ADRIANI', 12),
(70, 2, 'ANDRES BELLO', 12),
(71, 11, 'ANTONIO PINTO S', 12),
(72, 22, 'ARICAGUA', 12),
(73, 3, 'ARZOBISPO CHACON', 12),
(74, 4, 'CAMPO ELIAS', 12),
(75, 13, 'CARACCIOLO PARRA', 12),
(76, 14, 'CARDENAL QUINTERO', 12),
(77, 5, 'GUARAQUE', 12),
(78, 6, 'JULIO CESAR SALAS', 12),
(79, 7, 'JUSTO BRICEÑO', 12),
(80, 10, 'MIRANDA', 12),
(81, 12, 'RAMOS DE LORA', 12),
(82, 21, 'PADRE NOGUERA', 12),
(83, 15, 'PUEBLO LLANO', 12),
(84, 16, 'RANGEL', 12),
(85, 17, 'RIVAS DAVILA', 12),
(86, 9, 'SANTOS MARQUINA', 12),
(87, 18, 'SUCRE', 12),
(88, 19, 'TOVAR', 12),
(89, 20, 'TULIO F CORDERO', 12),
(90, 23, 'ZEA', 12),
(91, 8, 'SAN CRISTOBAL', 18),
(92, 18, 'ANDRES BELLO', 18),
(93, 23, 'ANTONIO ROMULO C', 18),
(94, 1, 'AYACUCHO', 18),
(95, 2, 'BOLIVAR', 18),
(96, 4, 'CARDENAS', 18),
(97, 10, 'CORDOBA', 18),
(98, 24, 'FCO DE MIRANDA', 18),
(99, 19, 'FERNANDEZ FEO', 18),
(100, 11, 'GARCIA DE HEVIA', 18),
(101, 12, 'GUASIMOS', 18),
(102, 3, 'INDEPENDENCIA', 18),
(103, 5, 'JAUREGUI', 18),
(104, 25, 'JOSE MARIA VARGA', 18),
(105, 6, 'JUNIN', 18),
(106, 20, 'LIBERTAD', 18),
(107, 14, 'LIBERTADOR', 18),
(108, 7, 'LOBATERA', 18),
(109, 13, 'MICHELENA', 18),
(110, 15, 'PANAMERICANO', 18),
(111, 16, 'PEDRO MARIA UREÑA', 18),
(112, 26, 'RAFAEL URDANETA', 18),
(113, 21, 'SAMUEL MALDONADO', 18),
(114, 29, 'SAN JUDAS TADEO', 18),
(115, 22, 'SEBORUCO', 18),
(116, 27, 'SIMON RODRIGUEZ', 18),
(117, 17, 'SUCRE', 18),
(118, 28, 'TORBES', 18),
(119, 9, 'URIBANTE', 18),
(120, 1, 'VARGAS', 24),
(121, 1, 'BLVNO LIBERTADOR', 1),
(122, 1, 'BEJUMA', 7),
(123, 2, 'CARLOS ARVELO', 7),
(124, 3, 'DIEGO IBARRA', 7),
(125, 4, 'GUACARA', 7),
(126, 5, 'MONTALVAN', 7),
(127, 6, 'JUAN JOSE MORA', 7),
(128, 7, 'PUERTO CABELLO', 7),
(129, 8, 'SAN JOAQUIN', 7),
(130, 9, 'VALENCIA', 7),
(131, 10, 'MIRANDA', 7),
(132, 11, 'LOS GUAYOS', 7),
(133, 12, 'NAGUANAGUA', 7),
(134, 13, 'SAN DIEGO', 7),
(135, 14, 'LIBERTADOR', 7),
(136, 1, 'ANZOATEGUI', 8),
(137, 2, 'TINAQUILLO', 8),
(138, 3, 'GIRARDOT', 8),
(139, 4, 'PAO S J BAUTISTA', 8),
(140, 5, 'RICAURTE', 8),
(141, 6, 'EZEQUIEL ZAMORA', 8),
(142, 7, 'TINACO', 8),
(143, 8, 'LIMA BLANCO', 8),
(144, 9, 'ROMULO GALLEGOS', 8),
(145, 1, 'ACOSTA', 9),
(146, 2, 'BOLIVAR', 9),
(147, 3, 'BUCHIVACOA', 9),
(148, 4, 'CARIRUBANA', 9),
(149, 5, 'COLINA', 9),
(150, 6, 'DEMOCRACIA', 9),
(151, 7, 'FALCON', 9),
(152, 8, 'FEDERACION', 9),
(153, 9, 'MAUROA', 9),
(154, 10, 'MIRANDA', 9),
(155, 11, 'PETIT', 9),
(156, 12, 'SILVA', 9),
(157, 13, 'ZAMORA', 9),
(158, 14, 'DABAJURO', 9),
(159, 15, 'MONS. ITURRIZA', 9),
(160, 16, 'LOS TAQUES', 9),
(161, 17, 'PIRITU', 9),
(162, 18, 'UNION', 9),
(163, 19, 'SAN FRANCISCO', 9),
(164, 20, 'JACURA', 9),
(165, 21, 'CACIQUE MANAURE', 9),
(166, 22, 'PALMA SOLA', 9),
(167, 23, 'SUCRE', 9),
(168, 24, 'URUMACO', 9),
(169, 25, 'TOCOPERO', 9),
(170, 1, 'INFANTE', 10),
(171, 2, 'MELLADO', 10),
(172, 3, 'MIRANDA', 10),
(173, 4, 'MONAGAS', 10),
(174, 5, 'RIBAS', 10),
(175, 6, 'ROSCIO', 10),
(176, 7, 'ZARAZA', 10),
(177, 8, 'CAMAGUAN', 10),
(178, 9, 'S JOSE DE GUARIBE', 10),
(179, 10, 'LAS MERCEDES', 10),
(180, 11, 'EL SOCORRO', 10),
(181, 12, 'ORTIZ', 10),
(182, 13, 'S MARIA DE IPIRE', 10),
(183, 14, 'CHAGUARAMAS', 10),
(184, 15, 'SAN GERONIMO DE G', 10),
(185, 1, 'TUCUPITA', 23),
(186, 2, 'PEDERNALES', 23),
(187, 3, 'ANTONIO DIAZ', 23),
(188, 4, 'CASACOIMA', 23),
(189, 5, 'TRUJILLO', 19),
(190, 15, 'ANDRES BELLO', 19),
(191, 2, 'BOCONO', 19),
(192, 16, 'BOLIVAR', 19),
(193, 8, 'CANDELARIA', 19),
(194, 3, 'CARACHE', 19),
(195, 4, 'ESCUQUE', 19),
(196, 17, 'JOSE FELIPE MARQUEZ CAÑIZALEZ', 19),
(197, 18, 'JUAN VICENTE CAMPO ELIAS', 19),
(198, 19, 'LA CEIBA', 19),
(199, 9, 'MIRANDA', 19),
(200, 10, 'MONTE CARMELO', 19),
(201, 11, 'MOTATAN', 19),
(202, 12, 'PAMPAN', 19),
(203, 20, 'PAMPANITO', 19),
(204, 1, 'RAFAEL RANGEL', 19),
(205, 13, 'SAN RAFAEL CARVAJAL', 19),
(206, 14, 'SUCRE', 19),
(207, 6, 'URDANETA', 19),
(208, 7, 'VALERA', 19),
(209, 1, 'BOLIVAR', 20),
(210, 2, 'BRUZUAL', 20),
(211, 3, 'NIRGUA', 20),
(212, 4, 'SAN FELIPE', 20),
(213, 5, 'SUCRE', 20),
(214, 6, 'URACHICHE', 20),
(215, 7, 'PEÑA', 20),
(216, 8, 'JOSE ANTONIO PAEZ', 20),
(217, 9, 'LA TRINIDAD', 20),
(218, 10, 'COCOROTE', 20),
(219, 11, 'INDEPENDENCIA', 20),
(220, 12, 'ARISTIDES BASTIDAS', 20),
(221, 13, 'MANUEL MONGE', 20),
(222, 14, 'VEROES', 20),
(223, 1, 'BARALT', 21),
(224, 2, 'SANTA RITA', 21),
(225, 3, 'COLON', 21),
(226, 4, 'MARA', 21),
(227, 5, 'MARACAIBO', 21),
(228, 6, 'MIRANDA', 21),
(229, 7, 'BLVNO GUAJIRA', 21),
(230, 8, 'MACHIQUES DE PERIJA', 21),
(231, 9, 'SUCRE', 21),
(232, 10, 'LA CAÑADA DE URDANETA', 21),
(233, 11, 'LAGUNILLAS', 21),
(234, 12, 'CATATUMBO', 21),
(235, 13, 'ROSARIO DE PERIJA', 21),
(236, 14, 'CABIMAS', 21),
(237, 15, 'VALMORE RODRIGUEZ', 21),
(238, 16, 'JESUS ENRIQUE LOSSADA', 21),
(239, 17, 'ALMIRANTE PADILLA', 21),
(240, 18, 'SAN FRANCISCO', 21),
(241, 19, 'JESUS MARIA SEMPRUN', 21),
(242, 20, 'FRANCISCO JAVIER PULGAR', 21),
(243, 21, 'SIMON BOLIVAR', 21),
(244, 3, 'GUAICAIPURO     ', 13),
(245, 1, 'ACEVEDO      ', 13),
(246, 14, 'ANDRES BELLO     ', 13),
(247, 16, 'BARUTA      ', 13),
(248, 2, 'BRION     ', 13),
(249, 20, 'BUROZ      ', 13),
(250, 17, 'CARRIZAL     ', 13),
(251, 18, 'CHACAO      ', 13),
(252, 12, 'CRISTOBAL ROJAS     ', 13),
(253, 19, 'EL HATILLO     ', 13),
(254, 4, 'INDEPENDENCIA     ', 13),
(255, 5, 'LANDER      ', 13),
(256, 13, 'LOS SALIAS     ', 13),
(257, 6, 'PAEZ      ', 13),
(258, 7, 'PAZ CASTILLO     ', 13),
(259, 21, 'PEDRO GUAL      ', 13),
(260, 8, 'PLAZA     ', 13),
(261, 15, 'SIMON BOLIVAR     ', 13),
(262, 9, 'SUCRE      ', 13),
(263, 10, 'URDANETA      ', 13),
(264, 11, 'ZAMORA', 13),
(265, 7, 'MATURIN     ', 14),
(266, 1, 'ACOSTA     ', 14),
(267, 11, 'AGUASAY     ', 14),
(268, 2, 'BOLIVAR     ', 14),
(269, 3, 'CARIPE     ', 14),
(270, 4, 'CEDEÑO ', 14),
(271, 5, 'EZEQUIEL ZAMORA     ', 14),
(272, 6, 'LIBERTADOR     ', 14),
(273, 8, 'PIAR     ', 14),
(274, 9, 'PUNCERES     ', 14),
(275, 12, 'SANTA BARBARA     ', 14),
(276, 10, 'SOTILLO     ', 14),
(277, 13, 'URACOA', 14),
(278, 1, 'ARISMENDI     ', 15),
(279, 10, 'ANTOLIN DEL CAMPO     ', 15),
(280, 2, 'DIAZ     ', 15),
(281, 11, 'GARCIA ', 15),
(282, 3, 'GOMEZ ', 15),
(283, 4, 'MANEIRO     ', 15),
(284, 5, 'MARCANO     ', 15),
(285, 6, 'MARIÑO     ', 15),
(286, 7, 'PENIN. DE MACANAO     ', 15),
(287, 9, 'TUBORES     ', 15),
(288, 8, 'VILLALBA I COCHE', 15),
(289, 3, 'GUANARE     ', 16),
(290, 10, 'AGUA BLANCA     ', 16),
(291, 1, 'ARAURE ', 16),
(292, 2, 'ESTELLER     ', 16),
(293, 12, 'GENARO BOCONOITO     ', 16),
(294, 4, 'GUANARITO     ', 16),
(295, 9, 'M.JOSE V DE UNDA     ', 16),
(296, 5, 'OSPINO ', 16),
(297, 6, 'PAEZ ', 16),
(298, 11, 'PAPELON     ', 16),
(299, 14, 'SANTA ROSALIA     ', 16),
(300, 13, 'RAFAEL DE ONOTO     ', 16),
(301, 7, 'SUCRE     ', 16),
(302, 8, 'TUREN', 16),
(303, 9, 'SUCRE     ', 17),
(304, 11, 'ANDRES ELOY BLANCO     ', 17),
(305, 13, 'ANDRES MATA     ', 17),
(306, 1, 'ARISMENDI     ', 17),
(307, 2, 'BENITEZ     ', 17),
(308, 3, 'BERMUDEZ     ', 17),
(309, 14, 'BOLIVAR     ', 17),
(310, 4, 'CAJIGAL     ', 17),
(311, 15, 'CRUZ S ACOSTA     ', 17),
(312, 12, 'LIBERTADOR     ', 17),
(313, 5, 'MARIÑO     ', 17),
(314, 6, 'MEJIA     ', 17),
(315, 7, 'MONTES     ', 17),
(316, 8, 'RIBERO     ', 17),
(317, 10, 'VALDEZ     ', 17),
(318, 1, 'GIRARDOT', 4),
(319, 2, 'SANTIAGO MARIÑO', 4),
(320, 3, 'JOSE FELIX RIBAS', 4),
(321, 4, 'SAN CASIMIRO', 4),
(322, 5, 'SAN SEBASTIAN', 4),
(323, 6, 'SUCRE', 4),
(324, 7, 'URDANETA', 4),
(325, 8, 'ZAMORA', 4),
(326, 9, 'LIBERTADOS', 4),
(327, 10, 'JOSE ANGEL LAMAS', 4),
(328, 11, 'BOLIVAR', 4),
(329, 12, 'SANTOS MICHELENA', 4),
(330, 13, 'MARIO BRICEÑO IRAGORRY', 4),
(331, 14, 'TOVAR', 4),
(332, 15, 'CAMATAGUA', 4),
(333, 16, 'JOSE RAFAEL REVENGA', 4),
(334, 17, 'FRANCISCO LINARES ALCANTARA', 4),
(335, 18, 'OCUMARE DE LA COSTA', 4);

-- --------------------------------------------------------

--
-- Estructura de tabla para la tabla `parroquias`
--

CREATE TABLE `parroquias` (
  `id` int(11) NOT NULL,
  `id_parroquia` int(11) DEFAULT NULL,
  `parroquia` varchar(50) COLLATE utf8_unicode_ci NOT NULL,
  `id_municipio` int(11) DEFAULT NULL,
  `id_estado` int(11) DEFAULT NULL
) ENGINE=InnoDB DEFAULT CHARSET=utf8 COLLATE=utf8_unicode_ci;

--
-- Volcado de datos para la tabla `parroquias`
--

INSERT INTO `parroquias` (`id`, `id_parroquia`, `parroquia`, `id_municipio`, `id_estado`) VALUES
(1, 1, 'ACHAGUAS     ', 1, 3),
(2, 2, 'APURITO     ', 1, 3),
(3, 3, 'EL YAGUAL     ', 1, 3),
(4, 4, 'GUACHARA     ', 1, 3),
(5, 5, 'MUCURITAS     ', 1, 3),
(6, 6, 'QUESERAS DEL MEDIO', 1, 3),
(7, 1, 'BRUZUAL     ', 2, 3),
(8, 2, 'MANTECAL     ', 2, 3),
(9, 3, 'QUINTERO', 2, 3),
(10, 4, 'SAN VICENTE', 2, 3),
(11, 5, 'RINCON HONDO', 2, 3),
(12, 2, 'ARAMENDI     ', 3, 3),
(13, 3, 'EL AMPARO     ', 3, 3),
(14, 1, 'GUASDUALITO     ', 3, 3),
(15, 4, 'SAN CAMILO     ', 3, 3),
(16, 5, 'URDANETA', 3, 3),
(17, 2, 'CODAZZI     ', 4, 3),
(18, 3, 'CUNAVICHE ', 4, 3),
(19, 1, 'SAN JUAN DE PAYARA', 4, 3),
(20, 1, 'ELORZA     ', 5, 3),
(21, 2, 'LA TRINIDAD', 5, 3),
(22, 3, 'EL RECREO     ', 6, 3),
(23, 2, 'PEÑALVER     ', 6, 3),
(24, 1, 'SAN FERNANDO ', 6, 3),
(25, 4, 'SAN RAFAEL DE ATAMAICA ', 6, 3),
(26, 1, 'BIRUACA', 7, 3),
(27, 1, 'ARISMENDI     ', 1, 5),
(28, 2, 'GUADARRAMA     ', 1, 5),
(29, 3, 'LA UNION     ', 1, 5),
(30, 4, 'SAN ANTONIO', 1, 5),
(31, 1, 'ALFREDO ARVELO LARRIVA     ', 2, 5),
(32, 11, 'ALTO BARINAS     ', 2, 5),
(33, 2, 'BARINAS     ', 2, 5),
(34, 9, 'CORAZON DE JESUS     ', 2, 5),
(35, 14, 'DOMINGA ORTIZ DE PAEZ     ', 2, 5),
(36, 7, 'EL CARMEN     ', 2, 5),
(37, 13, 'JUAN ANTONIO RODRIGUEZ DOMINGUEZ     ', 2, 5),
(38, 12, 'MANUEL PALACIO FAJARDO     ', 2, 5),
(39, 10, 'RAMON IGNACIO MENDEZ     ', 2, 5),
(40, 8, 'ROMULO BETANCOURT     ', 2, 5),
(41, 3, 'SAN SILVESTRE     ', 2, 5),
(42, 4, 'SANTA INES     ', 2, 5),
(43, 5, 'SANTA LUCIA     ', 2, 5),
(44, 6, 'TORUNOS', 2, 5),
(45, 1, 'ALTAMIRA     ', 3, 5),
(46, 2, 'BARINITAS ', 3, 5),
(47, 3, 'CALDERAS', 3, 5),
(48, 2, 'JOSE IGNACIO DEL PUMAR     ', 4, 5),
(49, 4, 'PEDRO BRICEÑO MENDEZ     ', 4, 5),
(50, 3, 'RAMON IGNACIO MENDEZ     ', 4, 5),
(51, 1, 'SANTA BARBARA', 4, 5),
(52, 1, 'EL REAL     ', 5, 5),
(53, 2, 'LA LUZ     ', 5, 5),
(54, 4, 'LOS GUASIMITOS     ', 5, 5),
(55, 3, 'OBISPOS', 5, 5),
(56, 1, 'CIUDAD BOLIVIA     ', 6, 5),
(57, 2, 'IGNACIO BRICEÑO ', 6, 5),
(58, 4, 'JOSE FELIX RIBAS     ', 6, 5),
(59, 3, 'PAEZ', 6, 5),
(60, 1, 'DOLORES     ', 7, 5),
(61, 2, 'LIBERTAD     ', 7, 5),
(62, 3, 'PALACIO FAJARDO     ', 7, 5),
(63, 4, 'SANTA ROSA     ', 7, 5),
(64, 5, 'SIMON RODRIGUEZ', 7, 5),
(65, 1, 'CIUDAD DE NUTRIAS     ', 8, 5),
(66, 2, 'EL REGALO     ', 8, 5),
(67, 3, 'PUERTO DE NUTRIAS     ', 8, 5),
(68, 4, 'SANTA CATALINA     ', 8, 5),
(69, 5, 'SIMON BOLIVAR', 8, 5),
(70, 1, 'RODRIGUEZ DOMINGUEZ ', 9, 5),
(71, 2, 'SABANETA', 9, 5),
(72, 3, 'ANDRES BELLO     ', 10, 5),
(73, 2, 'NICOLAS PULIDO     ', 10, 5),
(74, 1, 'TICOPORO', 10, 5),
(75, 1, 'BARRANCAS     ', 11, 5),
(76, 2, 'EL SOCORRO     ', 11, 5),
(77, 3, 'MASPARRITO', 11, 5),
(78, 1, 'EL CANTON     ', 12, 5),
(79, 3, 'PUERTO VIVAS ', 12, 5),
(80, 2, 'SANTA CRUZ DE GUACAS', 12, 5),
(81, 6, 'CACHAMAY     ', 1, 6),
(82, 4, 'CHIRICA     ', 1, 6),
(83, 5, 'DALLA COSTA     ', 1, 6),
(84, 2, 'ONCE DE ABRIL     ', 1, 6),
(85, 10, 'POZO VERDE     ', 1, 6),
(86, 1, 'SIMON BOLIVAR     ', 1, 6),
(87, 8, 'UNARE     ', 1, 6),
(88, 7, 'UNIVERSIDAD     ', 1, 6),
(89, 3, 'VISTA AL SOL     ', 1, 6),
(90, 9, 'YOCOIMA', 1, 6),
(91, 1, 'CAICARA DEL ORINOCO     ', 2, 6),
(92, 3, 'ALTAGRACIA     ', 2, 6),
(93, 2, 'ASCENSION FARRERAS     ', 2, 6),
(94, 5, 'GUANIAMO     ', 2, 6),
(95, 4, 'LA URBANA ', 2, 6),
(96, 6, 'PIJIGUAOS', 2, 6),
(97, 2, 'AGUA SALADA     ', 3, 6),
(98, 1, 'CATEDRAL     ', 3, 6),
(99, 6, 'JOSE ANTONIO PAEZ     ', 3, 6),
(100, 3, 'LA SABANITA     ', 3, 6),
(101, 5, 'MARHUANTA     ', 3, 6),
(102, 7, 'ORINOCO     ', 3, 6),
(103, 8, 'PANAPANA     ', 3, 6),
(104, 4, 'VISTA HERMOSA     ', 3, 6),
(105, 9, 'ZEA', 3, 6),
(106, 1, 'CIUDAD PIAR     ', 8, 6),
(107, 3, 'BARCELONETA     ', 8, 6),
(108, 2, 'SAN FRANCISCO ', 8, 6),
(109, 4, 'SANTA BARBARA', 8, 6),
(110, 1, 'EL CALLAO', 10, 6),
(111, 1, 'SANTA ELENA DE UAIREN     ', 9, 6),
(112, 2, 'IKABARU', 9, 6),
(113, 1, 'EL PALMAR', 11, 6),
(114, 1, 'UPATA     ', 4, 6),
(115, 2, 'ANDRES ELOY BLANCO ', 4, 6),
(116, 3, 'PEDRO COVA', 4, 6),
(117, 1, 'GUASIPATI', 5, 6),
(118, 2, 'SALOM', 5, 6),
(119, 1, 'TUMEREMO     ', 7, 6),
(120, 2, 'DALLA COSTA     ', 7, 6),
(121, 3, 'SAN ISIDRO', 7, 6),
(122, 1, 'MARIPA     ', 6, 6),
(123, 2, 'ARIPAO     ', 6, 6),
(124, 5, 'GUARATARO     ', 6, 6),
(125, 3, 'LAS MAJADAS     ', 6, 6),
(126, 4, 'MOITACO', 6, 6),
(127, 8, 'AGUEDO F ALVARADO     ', 2, 11),
(128, 9, 'BUENA VISTA ', 2, 11),
(129, 1, 'CATEDRAL     ', 2, 11),
(130, 5, 'EL CUJI     ', 2, 11),
(131, 7, 'JUAN DE VILLEGAS     ', 2, 11),
(132, 10, 'JUAREZ     ', 2, 11),
(133, 2, 'LA CONCEPCION     ', 2, 11),
(134, 3, 'SANTA ROSA     ', 2, 11),
(135, 6, 'TAMACA     ', 2, 11),
(136, 4, 'UNION', 2, 11),
(137, 1, 'PIO TAMAYO ', 8, 11),
(138, 3, 'QUEBRADA HONDA DE GUACHE     ', 8, 11),
(139, 2, 'YACAMBU', 8, 11),
(140, 1, 'FREITEZ     ', 1, 11),
(141, 2, 'JOSE MARIA BLANCO', 1, 11),
(142, 8, 'CORONEL MARIANO PERAZA     ', 3, 11),
(143, 4, 'CUARA     ', 3, 11),
(144, 2, 'DIEGO DE LOZADA     ', 3, 11),
(145, 7, 'JOSE BERNARDO DORANTE     ', 3, 11),
(146, 1, 'JUAN BAUTISTA RODRIGUEZ     ', 3, 11),
(147, 5, 'PARAISO DE SAN JOSE     ', 3, 11),
(148, 3, 'SAN MIGUEL ', 3, 11),
(149, 6, 'TINTORERO', 3, 11),
(150, 2, 'ANZOATEGUI     ', 4, 11),
(151, 1, 'BOLIVAR     ', 4, 11),
(152, 3, 'GUARICO     ', 4, 11),
(153, 7, 'HILARIO LUNA Y LUNA     ', 4, 11),
(154, 4, 'HUMOCARO ALTO     ', 4, 11),
(155, 5, 'HUMOCARO BAJO     ', 4, 11),
(156, 8, 'LA CANDELARIA     ', 4, 11),
(157, 6, 'MORAN', 4, 11),
(158, 3, 'AGUA VIVA     ', 5, 11),
(159, 1, 'CABUDARE     ', 5, 11),
(160, 2, 'JOSE GREGORIO BASTIDAS', 5, 11),
(161, 3, 'BURIA     ', 9, 11),
(162, 2, 'GUSTAVO VEGAS LEON     ', 9, 11),
(163, 1, 'SARARE', 9, 11),
(164, 17, 'ALTAGRACIA     ', 6, 11),
(165, 2, 'ANTONIO DIAZ     ', 6, 11),
(166, 3, 'CAMACARO     ', 6, 11),
(167, 4, 'CASTAÑEDA     ', 6, 11),
(168, 15, 'CECILIO ZUBILLAGA     ', 6, 11),
(169, 5, 'CHIQUINQUIRA     ', 6, 11),
(170, 11, 'EL BLANCO     ', 6, 11),
(171, 6, 'ESPINOZA LOS MONTEROS     ', 6, 11),
(172, 13, 'HERIBERTO ARROYO ', 6, 11),
(173, 7, 'LARA     ', 6, 11),
(174, 14, 'LAS MERCEDES     ', 6, 11),
(175, 8, 'MANUEL MORILLO     ', 6, 11),
(176, 12, 'MONTA A VERDE     ', 6, 11),
(177, 9, 'MONTES DE OCA     ', 6, 11),
(178, 16, 'REYES VARGAS     ', 6, 11),
(179, 10, 'TORRES     ', 6, 11),
(180, 1, 'TRINIDAD SAMUEL', 6, 11),
(181, 4, 'MOROTURO     ', 7, 11),
(182, 2, 'SAN MIGUEL     ', 7, 11),
(183, 1, 'SIQUISIQUE     ', 7, 11),
(184, 3, 'XAGUAS', 7, 11),
(185, 1, 'FERNANDO GIRON TOVAR ', 1, 22),
(186, 2, 'LUIS ALBERTO GOMEZ     ', 1, 22),
(187, 3, 'PARHUEÑA     ', 1, 22),
(188, 4, 'PLATANILLAL', 1, 22),
(189, 1, 'LA ESMERALDA     ', 7, 22),
(190, 2, 'HUACHAMACARE ', 7, 22),
(191, 3, 'MARAWAKA     ', 7, 22),
(192, 4, 'MAVACA     ', 7, 22),
(193, 5, 'SIERRA PARIMA', 7, 22),
(194, 1, 'SAN FERNANDO DE ATABAPO', 2, 22),
(195, 4, 'CANAME ', 2, 22),
(196, 2, 'UCATA     ', 2, 22),
(197, 3, 'YAPACANA', 2, 22),
(198, 1, 'ISLA DE RATON     ', 5, 22),
(199, 5, 'GUAYAPO     ', 5, 22),
(200, 4, 'MUNDUAPO     ', 5, 22),
(201, 2, 'SAMARIAPO     ', 5, 22),
(202, 3, 'SIPAPO', 5, 22),
(203, 1, 'SAN JUAN DE MANAPIARE     ', 6, 22),
(204, 2, 'ALTO VENTUARI     ', 6, 22),
(205, 4, 'BAJO VENTUARI     ', 6, 22),
(206, 3, 'MEDIO VENTUARI', 6, 22),
(207, 1, 'MAROA     ', 3, 22),
(208, 3, 'COMUNIDAD ', 3, 22),
(209, 2, 'VICTORINO', 3, 22),
(210, 1, 'SAN CARLOS DE RIO NEGRO     ', 4, 22),
(211, 3, 'CASIQUIARE     ', 4, 22),
(212, 4, 'COCUY ', 4, 22),
(213, 2, 'SOLANO', 4, 22),
(214, 3, 'BERGANTIN', 3, 2),
(215, 4, 'CAIGUA', 3, 2),
(216, 1, 'EL CARMEN', 3, 2),
(217, 5, 'EL PILAR', 3, 2),
(218, 6, 'NARICUAL', 3, 2),
(219, 2, 'SAN CRISTOBAL', 3, 2),
(220, 1, 'ANACO', 1, 2),
(221, 2, 'SAN JOAQUIN', 1, 2),
(222, 1, 'CM. ARAGUA DE BARCELONA', 2, 2),
(223, 2, 'CACHIPO', 2, 2),
(224, 1, 'CLARINES', 4, 2),
(225, 2, 'GUANAPE', 4, 2),
(226, 3, 'SABANA DE UCHIRE', 4, 2),
(227, 1, 'ONOTO', 5, 2),
(228, 2, 'SAN PABLO', 5, 2),
(229, 2, 'SANTA BARBARA', 18, 2),
(230, 1, 'VALLE GUANAPE', 18, 2),
(231, 1, 'CANTAURA ', 6, 2),
(232, 2, 'LIBERTADOR', 6, 2),
(233, 3, 'SANTA ROSA', 6, 2),
(234, 4, 'URICA', 6, 2),
(235, 1, 'SAN JOSE DE GUANIPA', 14, 2),
(236, 2, 'CHORRERON', 15, 2),
(237, 1, 'GUANTA', 15, 2),
(238, 1, 'CM. SOLEDAD', 7, 2),
(239, 2, 'MAMO', 7, 2),
(240, 2, 'EL MORRO', 17, 2),
(241, 1, 'LECHERIAS', 17, 2),
(242, 1, 'SAN MATEO', 8, 2),
(243, 2, 'EL CARITO', 8, 2),
(244, 3, 'SANTA INES', 8, 2),
(245, 1, 'EL CHAPARRO', 20, 2),
(246, 2, 'TOMAS ALFARO CALATRAVA', 20, 2),
(247, 1, 'PARIAGUAN', 9, 2),
(248, 2, 'ATAPIRIRE', 9, 2),
(249, 3, 'BOCA DEL PAO', 9, 2),
(250, 4, 'EL PAO', 9, 2),
(251, 1, 'MAPIRE', 10, 2),
(252, 2, 'PIAR', 10, 2),
(253, 4, 'SANTA CLARA', 10, 2),
(254, 3, 'SN DIEGO DE CABRUTICA', 10, 2),
(255, 5, 'UVERITO', 10, 2),
(256, 6, 'ZUATA', 10, 2),
(257, 1, 'PUERTO PIRITU', 11, 2),
(258, 2, 'SAN MIGUEL', 11, 2),
(259, 3, 'SUCRE', 11, 2),
(260, 1, 'PIRITU', 16, 2),
(261, 2, 'SAN FRANCISCO', 16, 2),
(262, 2, 'PUEBLO NUEVO', 19, 2),
(263, 1, 'SANTA ANA', 19, 2),
(264, 1, 'EL TIGRE', 12, 2),
(265, 2, 'BOCA DE CHAVEZ', 21, 2),
(266, 1, 'BOCA UCHIRE', 21, 2),
(267, 2, 'PUERTO LA CRUZ', 13, 2),
(268, 1, 'POZUELOS', 13, 2),
(269, 13, 'ANTONIO SPINETTI DINI', 8, 12),
(270, 1, 'ARIAS', 8, 12),
(271, 11, 'CARACCIOLO PARRA P', 8, 12),
(272, 7, 'DOMINGO PEÑA', 8, 12),
(273, 4, 'EL LLANO', 8, 12),
(274, 14, 'EL MORRO', 8, 12),
(275, 8, 'GONZALO PICON FEBRES', 8, 12),
(276, 6, 'JACINTO PLAZA', 8, 12),
(277, 5, 'JUAN RODRIGUEZ SUAREZ', 8, 12),
(278, 10, 'LASSO DE LA VEGA', 8, 12),
(279, 15, 'LOS NEVADOS', 8, 12),
(280, 12, 'MARIANO PICON SALAS', 8, 12),
(281, 3, 'MILLA', 8, 12),
(282, 9, 'OSUNA RODRIGUEZ', 8, 12),
(283, 2, 'SAGRARIO', 8, 12),
(284, 1, 'GABRIEL PICON G', 1, 12),
(285, 2, 'HECTOR AMABLE MORA', 1, 12),
(286, 3, 'JOSE NUCETE SARDI', 1, 12),
(287, 6, 'PRESIDENTE BETANCOURT', 1, 12),
(288, 7, 'PRESIDENTE PAEZ', 1, 12),
(289, 5, 'PTE. ROMULO GALLEGOS', 1, 12),
(290, 4, 'PULIDO MENDEZ', 1, 12),
(291, 1, 'LA AZULITA', 2, 12),
(292, 1, 'STA CRUZ DE MORA', 11, 12),
(293, 2, 'MESA BOLIVAR', 11, 12),
(294, 3, 'MESA DE LAS PALMAS', 11, 12),
(295, 1, 'ARICAGUA', 22, 12),
(296, 2, 'SAN ANTONIO', 22, 12),
(297, 1, 'CANAGUA', 3, 12),
(298, 2, 'CAPURI', 3, 12),
(299, 3, 'CHACANTA', 3, 12),
(300, 4, 'EL MOLINO', 3, 12),
(301, 5, 'GUAIMARAL', 3, 12),
(302, 7, 'MUCUCHACHI', 3, 12),
(303, 6, 'MUCUTUY', 3, 12),
(304, 1, 'ACEQUIAS', 4, 12),
(305, 7, 'FERNANDEZ PEÑA', 4, 12),
(306, 2, 'JAJI', 4, 12),
(307, 3, 'LA MESA', 4, 12),
(308, 6, 'MATRIZ', 4, 12),
(309, 5, 'MONTALBAN', 4, 12),
(310, 4, 'SAN JOSE', 4, 12),
(311, 1, 'TUCANI', 13, 12),
(312, 2, 'FLORENCIO RAMIREZ', 13, 12),
(313, 1, 'SANTO DOMINGO', 14, 12),
(314, 2, 'LAS PIEDRAS', 14, 12),
(315, 1, 'GUARAQUE', 5, 12),
(316, 2, 'MESA DE QUINTERO', 5, 12),
(317, 3, 'RIO NEGRO', 5, 12),
(318, 1, 'ARAPUEY', 6, 12),
(319, 2, 'PALMIRA', 6, 12),
(320, 1, 'TORONDOY', 7, 12),
(321, 2, 'SAN CRISTOBAL DE T', 7, 12),
(322, 1, 'CHACHOPO', 10, 12),
(323, 2, 'ANDRES ELOY BLANCO', 10, 12),
(324, 4, 'LA VENTA', 10, 12),
(325, 3, 'PIÑANGO', 10, 12),
(326, 1, 'STA ELENA DE ARENALES', 12, 12),
(327, 2, 'ELOY PAREDES', 12, 12),
(328, 3, 'PQ R DE ALCAZAR', 12, 12),
(329, 1, 'STA MARIA DE CAPARO', 21, 12),
(330, 1, 'PUEBLO LLANO', 15, 12),
(331, 1, 'MUCUCHIES', 16, 12),
(332, 4, 'CACUTE', 16, 12),
(333, 5, 'LA TOMA', 16, 12),
(334, 2, 'MUCURUBA', 16, 12),
(335, 3, 'SAN RAFAEL', 16, 12),
(336, 1, 'BAILADORES', 17, 12),
(337, 2, 'GERONIMO MALDONADO', 17, 12),
(338, 1, 'TABAY', 9, 12),
(339, 1, 'LAGUNILLAS', 18, 12),
(340, 2, 'CHIGUARA', 18, 12),
(341, 3, 'ESTANQUES', 18, 12),
(342, 6, 'LA TRAMPA', 18, 12),
(343, 5, 'PUEBLO NUEVO DEL SUR', 18, 12),
(344, 4, 'SAN JUAN', 18, 12),
(345, 3, 'EL AMPARO', 19, 12),
(346, 1, 'EL LLANO', 19, 12),
(347, 4, 'SAN FRANCISCO', 19, 12),
(348, 2, 'TOVAR', 19, 12),
(349, 1, 'NUEVA BOLIVIA', 20, 12),
(350, 2, 'INDEPENDENCIA', 20, 12),
(351, 3, 'MARIA C PALACIOS', 20, 12),
(352, 4, 'SANTA APOLONIA', 20, 12),
(353, 1, 'ZEA', 23, 12),
(354, 2, 'CAÑO EL TIGRE', 23, 12),
(355, 5, 'DR. FCO. ROMERO LOBO', 8, 18),
(356, 1, 'LA CONCORDIA', 8, 18),
(357, 2, 'PEDRO MARIA MORANTES', 8, 18),
(358, 4, 'SAN SEBASTIAN', 8, 18),
(359, 3, 'SN JUAN BAUTISTA', 8, 18),
(360, 1, 'CORDERO', 18, 18),
(361, 1, 'LAS MESAS', 23, 18),
(362, 1, 'COLON', 1, 18),
(363, 2, 'RIVAS BERTI', 1, 18),
(364, 3, 'SAN PEDRO DEL RIO', 1, 18),
(365, 1, 'SAN ANT DEL TACHIRA', 2, 18),
(366, 4, 'ISAIAS MEDINA ANGARIT', 2, 18),
(367, 3, 'JUAN VICENTE GOMEZ', 2, 18),
(368, 2, 'PALOTAL', 2, 18),
(369, 1, 'TARIBA', 4, 18),
(370, 3, 'AMENODORO RANGEL LAMU', 4, 18),
(371, 2, 'LA FLORIDA', 4, 18),
(372, 1, 'STA. ANA DEL TACHIRA', 10, 18),
(373, 1, 'SAN JOSE DE BOLIVAR', 24, 18),
(374, 1, 'SAN RAFAEL DEL PINAL', 19, 18),
(375, 3, 'ALBERTO ADRIANI', 19, 18),
(376, 2, 'SANTO DOMINGO', 19, 18),
(377, 1, 'LA FRIA', 11, 18),
(378, 2, 'BOCA DE GRITA', 11, 18),
(379, 3, 'JOSE ANTONIO PAEZ', 11, 18),
(380, 1, 'PALMIRA', 12, 18),
(381, 1, 'CAPACHO NUEVO', 3, 18),
(382, 2, 'JUAN GERMAN ROSCIO', 3, 18),
(383, 3, 'ROMAN CARDENAS', 3, 18),
(384, 1, 'LA GRITA', 5, 18),
(385, 2, 'EMILIO C. GUERRERO', 5, 18),
(386, 3, 'MONS. MIGUEL A SALAS', 5, 18),
(387, 1, 'EL COBRE', 25, 18),
(388, 1, 'RUBIO', 6, 18),
(389, 2, 'BRAMON', 6, 18),
(390, 3, 'LA PETROLEA', 6, 18),
(391, 4, 'QUINIMARI', 6, 18),
(392, 1, 'CAPACHO VIEJO', 20, 18),
(393, 2, 'CIPRIANO CASTRO', 20, 18),
(394, 3, 'MANUEL FELIPE RUGELES', 20, 18),
(395, 1, 'ABEJALES', 14, 18),
(396, 3, 'DORADAS', 14, 18),
(397, 4, 'EMETERIO OCHOA', 14, 18),
(398, 2, 'SAN JOAQUIN DE NAVAY', 14, 18),
(399, 1, 'LOBATERA', 7, 18),
(400, 2, 'CONSTITUCION', 7, 18),
(401, 1, 'MICHELENA', 13, 18),
(402, 1, 'COLONCITO', 15, 18),
(403, 2, 'LA PALMITA', 15, 18),
(404, 1, 'UREÑA', 16, 18),
(405, 2, 'NUEVA ARCADIA', 16, 18),
(406, 1, 'DELICIAS', 26, 18),
(407, 1, 'LA TENDIDA', 21, 18),
(408, 2, 'BOCONO', 21, 18),
(409, 3, 'HERNANDEZ', 21, 18),
(410, 1, 'UMUQUENA', 29, 18),
(411, 1, 'SEBORUCO', 22, 18),
(412, 1, 'SAN SIMON', 27, 18),
(413, 1, 'QUENIQUEA', 17, 18),
(414, 3, 'ELEAZAR LOPEZ CONTRERA', 17, 18),
(415, 2, 'SAN PABLO', 17, 18),
(416, 1, 'SAN JOSECITO', 28, 18),
(417, 1, 'PREGONERO', 9, 18),
(418, 2, 'CARDENAS', 9, 18),
(419, 4, 'JUAN PABLO PEÑALOZA', 9, 18),
(420, 3, 'POTOSI', 9, 18),
(421, 1, 'CARABALLEDA', 1, 24),
(422, 2, 'CARAYACA', 1, 24),
(423, 11, 'CARLOS SOUBLETTE', 1, 24),
(424, 3, 'CARUAO', 1, 24),
(425, 4, 'CATIA LA MAR', 1, 24),
(426, 9, 'EL JUNKO', 1, 24),
(427, 5, 'LA GUAIRA', 1, 24),
(428, 6, 'MACUTO', 1, 24),
(429, 7, 'MAIQUETIA', 1, 24),
(430, 8, 'NAIGUATA', 1, 24),
(431, 10, 'URIMARE', 1, 24),
(432, 1, '23 DE ENERO', 1, 1),
(433, 2, 'ALTAGRACIA', 1, 1),
(434, 3, 'ANTIMANO', 1, 1),
(435, 4, 'CANDELARIA', 1, 1),
(436, 5, 'CARICUAO', 1, 1),
(437, 6, 'CATEDRAL', 1, 1),
(438, 7, 'COCHE', 1, 1),
(439, 8, 'EL JUNQUITO', 1, 1),
(440, 9, 'EL PARAISO', 1, 1),
(441, 10, 'EL RECREO', 1, 1),
(442, 11, 'EL VALLE', 1, 1),
(443, 12, 'LA PASTORA', 1, 1),
(444, 13, 'LA VEGA', 1, 1),
(445, 14, 'MACARAO', 1, 1),
(446, 15, 'SAN AGUSTIN', 1, 1),
(447, 16, 'SAN BERNARDINO', 1, 1),
(448, 17, 'SAN JOSE', 1, 1),
(449, 18, 'SAN JUAN', 1, 1),
(450, 19, 'SAN PEDRO', 1, 1),
(451, 20, 'SANTA ROSALIA', 1, 1),
(452, 21, 'SANTA TERESA', 1, 1),
(453, 22, 'SUCRE', 1, 1),
(454, 1, 'BEJUMA', 1, 7),
(455, 2, 'CANOABO', 1, 7),
(456, 3, 'SIMON BOLIVAR', 1, 7),
(457, 1, 'GUIGUE', 2, 7),
(458, 2, 'BELEN', 2, 7),
(459, 3, 'TACARIGUA', 2, 7),
(460, 1, 'MARIARA', 3, 7),
(461, 2, 'AGUAS CALIENTES ', 3, 7),
(462, 1, 'GUACARA', 4, 7),
(463, 2, 'CIUDAD ALIANZA', 4, 7),
(464, 3, 'YAGUA', 4, 7),
(465, 1, 'MONTALBAN', 5, 7),
(466, 1, 'MORON', 6, 7),
(467, 2, 'URAMA', 6, 7),
(468, 1, 'DEMOCRACIA', 7, 7),
(469, 2, 'FRATERNIDAD', 7, 7),
(470, 3, 'GOAIGOAZA', 7, 7),
(471, 4, 'JUAN JOSE FLORES', 7, 7),
(472, 5, 'BARTOLOME SALOM', 7, 7),
(473, 6, 'UNION', 7, 7),
(474, 7, 'BORBURATA', 7, 7),
(475, 8, 'PATANEMO', 7, 7),
(476, 1, 'SAN JOAQUIN', 8, 7),
(477, 1, 'CANDELARIA', 9, 7),
(478, 2, 'CATEDRAL', 9, 7),
(479, 3, 'EL SOCORRO', 9, 7),
(480, 4, 'MIGUEL PEÑA', 9, 7),
(481, 5, 'SAN BLAS', 9, 7),
(482, 6, 'SAN JOSE', 9, 7),
(483, 7, 'SANTA ROSA', 9, 7),
(484, 8, 'RAFAEL URDANETA', 9, 7),
(485, 9, 'NEGRO PRIMERO', 9, 7),
(486, 1, 'MIRANDA', 10, 7),
(487, 1, 'LOS GUAYOS', 11, 7),
(488, 1, 'NAGUANAGUA', 12, 7),
(489, 1, 'URB SAN DIEGO', 13, 7),
(490, 1, 'TOCUYITO', 14, 7),
(491, 2, 'INDEPENDENCIA', 14, 7),
(492, 1, 'COJEDES', 1, 8),
(493, 2, 'JUAN DE MATA SUAREZ', 1, 8),
(494, 1, 'TINAQUILLO', 2, 8),
(495, 1, 'EL BAUL', 3, 8),
(496, 2, 'SUCRE', 3, 8),
(497, 1, 'EL PAO', 4, 8),
(498, 1, 'LIBERTAD DE COJEDES', 5, 8),
(499, 2, 'EL AMPARO', 5, 8),
(500, 1, 'SAN CARLOS DE AUSTRIA', 6, 8),
(501, 2, 'JUAN ANGEL BRAVO', 6, 8),
(502, 3, 'MANUEL MANRIQUE', 6, 8),
(503, 1, 'GRL JEFE JOSE L SILVA', 7, 8),
(504, 1, 'MACAPO', 8, 8),
(505, 2, 'LA AGUADITA', 8, 8),
(506, 1, 'ROMULO GALLEGOS', 9, 8),
(507, 1, 'SAN JUAN DE LOS CAYOS', 1, 9),
(508, 2, 'CAPADARE', 1, 9),
(509, 3, 'LA PASTORA', 1, 9),
(510, 4, 'LIBERTADOR', 1, 9),
(511, 1, 'SAN LUIS', 2, 9),
(512, 2, 'ARACUA', 2, 9),
(513, 3, 'LA PEÑA', 2, 9),
(514, 1, 'CAPATARIDA', 3, 9),
(515, 2, 'BOROJO', 3, 9),
(516, 3, 'SEQUE', 3, 9),
(517, 4, 'ZAZARIDA', 3, 9),
(518, 5, 'BARIRO', 3, 9),
(519, 6, 'GUAJIRO', 3, 9),
(520, 1, 'NORTE', 4, 9),
(521, 2, 'CARIRUBANA', 4, 9),
(522, 3, 'PUNTA CARDON', 4, 9),
(523, 4, 'SANTA ANA', 4, 9),
(524, 1, 'LA VELA DE CORO', 5, 9),
(525, 2, 'ACURIGUA', 5, 9),
(526, 3, 'GUAIBACOA', 5, 9),
(527, 4, 'MACORUCA', 5, 9),
(528, 5, 'LAS CALDERAS', 5, 9),
(529, 1, 'PEDREGAL', 6, 9),
(530, 2, 'AGUA CLARA', 6, 9),
(531, 3, 'AVARIA', 6, 9),
(532, 4, 'PIEDRA GRANDE', 6, 9),
(533, 5, 'PURURECHE', 6, 9),
(534, 1, 'PUEBLO NUEVO', 7, 9),
(535, 2, 'ADICORA', 7, 9),
(536, 3, 'BARAIVED', 7, 9),
(537, 4, 'BUENA VISTA', 7, 9),
(538, 5, 'JADACAQUIVA', 7, 9),
(539, 6, 'MORUY', 7, 9),
(540, 7, 'EL VINCULO ', 7, 9),
(541, 8, 'EL HATO', 7, 9),
(542, 9, 'ADAURE', 7, 9),
(543, 1, 'CHURUGUARA', 8, 9),
(544, 2, 'AGUA LARGA', 8, 9),
(545, 3, 'INDEPENDENCIA', 8, 9),
(546, 4, 'MAPARARI', 8, 9),
(547, 5, 'EL PAUJI', 8, 9),
(548, 1, 'MENE DE MAUROA', 9, 9),
(549, 2, 'CASIGUA', 9, 9),
(550, 3, 'SAN FELIX', 9, 9),
(551, 1, 'SAN ANTONIO', 10, 9),
(552, 2, 'SAN GABRIEL', 10, 9),
(553, 3, 'SANTA ANA', 10, 9),
(554, 4, 'GUZMAN GUILLERMO', 10, 9),
(555, 5, 'MITARE', 10, 9),
(556, 6, 'SABANETA', 10, 9),
(557, 7, 'RIO SECO', 10, 9),
(558, 1, 'CABURE', 11, 9),
(559, 2, 'CURIMAGUA', 11, 9),
(560, 3, 'COLINA', 11, 9),
(561, 1, 'TUCACAS', 12, 9),
(562, 2, 'BOCA DE AROA', 12, 9),
(563, 1, 'PUERTO CUMAREBO', 13, 9),
(564, 2, 'LA CIENAGA', 13, 9),
(565, 3, 'LA SOLEDAD', 13, 9),
(566, 4, 'PUEBLO CUMAREBO', 13, 9),
(567, 5, 'ZAZARIDA', 13, 9),
(568, 1, 'DABAJURO', 14, 9),
(569, 1, 'CHICHIRIVICHE', 15, 9),
(570, 2, 'BOCA DE TOCUYO ', 15, 9),
(571, 3, 'TOCUYO DE LA COSTA', 15, 9),
(572, 1, 'LOS TAQUES', 16, 9),
(573, 2, 'JUDIBANA ', 16, 9),
(574, 1, 'PIRITU', 17, 9),
(575, 2, 'SAN JOSE DE LA COSTA', 17, 9),
(576, 1, 'STA.CRUZ DE BUCARAL', 18, 9),
(577, 2, 'EL CHARAL', 18, 9),
(578, 3, 'LAS VEGAS DEL TUY', 18, 9),
(579, 1, 'MIRIMIRE', 19, 9),
(580, 1, 'JACURA', 20, 9),
(581, 2, 'AGUA LINDA', 20, 9),
(582, 3, 'ARAURIMA', 20, 9),
(583, 1, 'YARACAL', 21, 9),
(584, 1, 'PALMA SOLA', 22, 9),
(585, 1, 'SUCRE', 23, 9),
(586, 2, 'PECAYA', 23, 9),
(587, 1, 'URUMACO', 24, 9),
(588, 2, 'BRUZUAL', 24, 9),
(589, 1, 'TOCOPERO', 25, 9),
(590, 1, 'VALLE DE LA PASCUA', 1, 10),
(591, 2, 'ESPINO', 1, 10),
(592, 1, 'EL SOMBRERO', 2, 10),
(593, 2, 'SOSA', 2, 10),
(594, 1, 'CALABOZO', 3, 10),
(595, 2, 'EL CALVARIO', 3, 10),
(596, 3, 'EL RASTRO', 3, 10),
(597, 4, 'GUARDATINAJAS', 3, 10),
(598, 1, 'ALTAGRACIA DE ORITUCO', 4, 10),
(599, 2, 'LEZAMA', 4, 10),
(600, 3, 'LIBERTAD DE ORITUCO', 4, 10),
(601, 4, 'SAN FCO DE MACAIRA', 4, 10),
(602, 5, 'SAN RAFAEL DE ORITUCO', 4, 10),
(603, 6, 'SOUBLETTE', 4, 10),
(604, 7, 'PASO REAL DE MACAIRA', 4, 10),
(605, 1, 'TUCUPIDO', 5, 10),
(606, 2, 'SAN RAFAEL DE LAYA', 5, 10),
(607, 1, 'SAN JUAN DE LOS MORROS', 6, 10),
(608, 2, 'PARAPARA', 6, 10),
(609, 3, 'CANTAGALLO', 6, 10),
(610, 1, 'ZARAZA', 7, 10),
(611, 2, 'SAN JOSE DE UNARE', 7, 10),
(612, 1, 'CAMAGUAN', 8, 10),
(613, 2, 'PUERTO MIRANDA', 8, 10),
(614, 3, 'UVERITO', 8, 10),
(615, 1, 'SAN JOSE DE GUARIBE', 9, 10),
(616, 1, 'LAS MERCEDES', 10, 10),
(617, 2, 'STA RITA DE MANAPIRE', 10, 10),
(618, 3, 'CABRUTA', 10, 10),
(619, 1, 'EL SOCORRO', 11, 10),
(620, 1, 'ORTIZ', 12, 10),
(621, 2, 'SAN FCO. DE TIZNADOS', 12, 10),
(622, 3, 'SAN JOSE DE TIZNADOS', 12, 10),
(623, 4, 'S LORENZO DE TIZNADOS', 12, 10),
(624, 1, 'SANTA MARIA DE IPIRE', 13, 10),
(625, 2, 'ALTAMIRA', 13, 10),
(626, 1, 'CHAGUARAMAS', 14, 10),
(627, 1, 'GUAYABAL', 15, 10),
(628, 2, 'CAZORLA', 15, 10),
(629, 1, 'SAN JOSE', 1, 23),
(630, 2, 'VIRGEN DEL VALLE', 1, 23),
(631, 3, 'SAN RAFAEL', 1, 23),
(632, 4, 'JOSE VIDAL MARCANO', 1, 23),
(633, 5, 'LEONARDO RUIZ PINEDA', 1, 23),
(634, 6, 'MONS ARGIMIRO GARCIA', 1, 23),
(635, 7, 'MCL ANTONIO J DE SUCRE', 1, 23),
(636, 8, 'JUAN MILLAN', 1, 23),
(637, 1, 'PEDERNALES', 2, 23),
(638, 1, 'LUIS B PRIETO FIGUERO', 2, 23),
(639, 1, 'CURIAPO', 3, 23),
(640, 2, 'SANTOS DE ABELGAS', 3, 23),
(641, 3, 'MANUEL RENAUD', 3, 23),
(642, 4, 'PADRE BARRAL', 3, 23),
(643, 5, 'ANICETO LUGO', 3, 23),
(644, 6, 'ALMIRANTE LUIS BRION', 3, 23),
(645, 1, 'IMATACA', 4, 23),
(646, 2, 'ROMULO GALLEGOS', 4, 23),
(647, 3, 'JUAN BAUTISTA ARISMEN', 4, 23),
(648, 4, 'MANUEL PIAR', 4, 23),
(649, 5, '5 DE JULIO', 4, 23),
(650, 6, 'ANDRES LINARES', 5, 19),
(651, 2, 'CHIQUINQUIRA', 5, 19),
(652, 1, 'CRISTOBAL MENDOZA', 5, 19),
(653, 5, 'CRUZ CARRILLO', 5, 19),
(654, 3, 'MATRIZ', 5, 19),
(655, 4, 'MONSEÑOR CARRILLO', 5, 19),
(656, 7, 'TRES ESQUINAS', 5, 19),
(657, 2, 'ARAGUANEY', 15, 19),
(658, 3, 'EL JAGUITO', 15, 19),
(659, 4, 'LA ESPERANZA', 15, 19),
(660, 1, 'SANTA ISABEL', 15, 19),
(661, 4, 'AYACUCHO', 2, 19),
(662, 1, 'BOCONO', 2, 19),
(663, 5, 'BURBUSAY', 2, 19),
(664, 2, 'EL CARMEN', 2, 19),
(665, 6, 'GENERAL RIVAS', 2, 19),
(666, 11, 'GUARAMACAL', 2, 19),
(667, 12, 'LA VEGA DE GUARAMACAL', 2, 19),
(668, 7, 'MONSEÑOR JAUREGUI', 2, 19),
(669, 3, 'MOSQUEY', 2, 19),
(670, 8, 'RAFAEL RANGEL', 2, 19),
(671, 9, 'SAN JOSE', 2, 19),
(672, 10, 'SAN MIGUEL', 2, 19),
(673, 2, 'CHEREGUE', 16, 19),
(674, 3, 'GRANADOS', 16, 19),
(675, 1, 'SABANA GRANDE', 16, 19),
(676, 7, 'ARNOLDO GABALDON', 8, 19),
(677, 4, 'BOLIVIA', 8, 19),
(678, 2, 'CARRILLO', 8, 19),
(679, 3, 'CEGARRA', 8, 19),
(680, 1, 'CHEJENDE', 8, 19),
(681, 5, 'MANUEL SALVADOR ULLOA', 8, 19),
(682, 6, 'SAN JOSE', 8, 19),
(683, 1, 'CARACHE', 3, 19),
(684, 3, 'CUICAS', 3, 19),
(685, 2, 'LA CONCEPCION', 3, 19),
(686, 4, 'PANAMERICANA', 3, 19),
(687, 5, 'SANTA CRUZ', 3, 19),
(688, 1, 'ESCUQUE', 4, 19),
(689, 3, 'LA UNION', 4, 19),
(690, 2, 'SABANA LIBRE', 4, 19),
(691, 4, 'SANTA RITA', 4, 19),
(692, 3, 'ANTONIO JOSE DE SUCRE', 17, 19),
(693, 1, 'EL SOCORRO', 17, 19),
(694, 2, 'LOS CAPRICHOS', 17, 19),
(695, 2, 'ARNOLDO GABALDON', 18, 19),
(696, 1, 'CAMPO ELIAS', 18, 19),
(697, 3, 'EL PROGRESO', 19, 19),
(698, 2, 'LA CEIBA', 19, 19),
(699, 1, 'SANTA APOLONIA', 19, 19),
(700, 4, 'TRES DE FEBRERO', 19, 19),
(701, 2, 'AGUA CALIENTE', 9, 19),
(702, 4, 'AGUA SANTA', 9, 19),
(703, 3, 'EL CENIZO', 9, 19),
(704, 1, 'EL DIVIDIVE', 9, 19),
(705, 5, 'VALERITA', 9, 19),
(706, 2, 'BUENA VISTA', 10, 19),
(707, 1, 'MONTE CARMELO', 10, 19),
(708, 3, 'STA MARIA DEL HORCON', 10, 19),
(709, 2, 'EL BAÑO', 11, 19),
(710, 3, 'JALISCO', 11, 19),
(711, 1, 'MOTATAN', 11, 19),
(712, 4, 'FLOR DE PATRIA', 12, 19),
(713, 3, 'LA PAZ', 12, 19),
(714, 1, 'PAMPAN', 12, 19),
(715, 2, 'SANTA ANA', 12, 19),
(716, 3, 'LA CONCEPCION', 20, 19),
(717, 1, 'PAMPANITO', 20, 19),
(718, 2, 'PAMPANITO II', 20, 19),
(719, 1, 'BETIJOQUE', 1, 19),
(720, 4, 'EL CEDRO', 1, 19),
(721, 2, 'JOSE G HERNANDEZ', 1, 19),
(722, 3, 'LA PUEBLITA', 1, 19),
(723, 2, 'ANTONIO N BRICEÑO', 13, 19),
(724, 3, 'CAMPO ALEGRE', 13, 19),
(725, 1, 'CARVAJAL', 13, 19),
(726, 4, 'JOSE LEONARDO SUAREZ', 13, 19),
(727, 4, 'EL PARAISO', 14, 19),
(728, 2, 'JUNIN', 14, 19),
(729, 1, 'SABANA DE MENDOZA', 14, 19),
(730, 3, 'VALMORE RODRIGUEZ', 14, 19),
(731, 5, 'CABIMBU', 6, 19),
(732, 2, 'JAJO', 6, 19),
(733, 3, 'LA MESA', 6, 19),
(734, 1, 'LA QUEBRADA', 6, 19),
(735, 4, 'SANTIAGO', 6, 19),
(736, 6, 'TUÑAME', 6, 19),
(737, 2, 'JUAN IGNACIO MONTILLA', 7, 19),
(738, 3, 'LA BEATRIZ', 7, 19),
(739, 5, 'LA PUERTA', 7, 19),
(740, 4, 'MENDOZA', 7, 19),
(741, 1, 'MERCEDES DIAZ', 7, 19),
(742, 6, 'SAN LUIS', 7, 19),
(743, 1, 'AROA', 1, 20),
(744, 1, 'CHIVACOA', 2, 20),
(745, 2, 'CAMPO ELIAS', 2, 20),
(746, 1, 'NIRGUA', 3, 20),
(747, 2, 'SALOM', 3, 20),
(748, 3, 'TEMERLA', 3, 20),
(749, 1, 'SAN FELIPE', 4, 20),
(750, 2, 'ALBARICO', 4, 20),
(751, 3, 'SAN JAVIER', 4, 20),
(752, 1, 'GUAMA', 5, 20),
(753, 1, 'URACHICHE', 6, 20),
(754, 1, 'YARITAGUA', 7, 20),
(755, 2, 'SAN ANDRES', 7, 20),
(756, 1, 'SABANA DE PARRA', 8, 20),
(757, 1, 'BORAURE', 9, 20),
(758, 1, 'COCOROTE', 10, 20),
(759, 1, 'INDEPENDENCIA', 11, 20),
(760, 1, 'SAN PABLO', 12, 20),
(761, 1, 'YUMARE', 13, 20),
(762, 1, 'FARRIAR', 14, 20),
(763, 2, 'EL GUAYABO', 14, 20),
(764, 1, 'GENERAL URDANETA', 1, 21),
(765, 2, 'LIBERTADOR', 1, 21),
(766, 3, 'MANUEL GUANIPA MATOS', 1, 21),
(767, 4, 'MARCELINO BRICEÑO', 1, 21),
(768, 5, 'SAN TIMOTEO', 1, 21),
(769, 6, 'PUEBLO NUEVO', 1, 21),
(770, 1, 'PEDRO LUCAS URRIBARRI', 2, 21),
(771, 2, 'SANTA RITA', 2, 21),
(772, 3, 'JOSE CENOVIO URRIBARRI', 2, 21),
(773, 4, 'EL MENE', 2, 21),
(774, 1, 'SANTA CRUZ DEL ZULIA', 3, 21),
(775, 2, 'URRIBARRI', 3, 21),
(776, 3, 'MORALITO', 3, 21),
(777, 4, 'SAN CARLOS DEL ZULIA', 3, 21),
(778, 5, 'SANTA BARBARA', 3, 21),
(779, 1, 'LUIS DE VICENTE', 4, 21),
(780, 2, 'RICAURTE', 4, 21),
(781, 3, 'MONSEÑOR MARCOS SERGIO GODOY', 4, 21),
(782, 4, 'SAN RAFAEL', 4, 21),
(783, 5, 'LAS PARCELAS', 4, 21),
(784, 6, 'TAMARE', 4, 21),
(785, 7, 'LA SIERRITA', 4, 21),
(786, 1, 'BOLIVAR', 5, 21),
(787, 2, 'COQUIVACOA', 5, 21),
(788, 3, 'CRISTO DE ARANZA', 5, 21),
(789, 4, 'CHIQUINQUIRA', 5, 21),
(790, 5, 'SANTA LUCIA', 5, 21),
(791, 6, 'OLEGARIO VILLALOBOS', 5, 21),
(792, 7, 'JUANA DE AVILA', 5, 21),
(793, 8, 'CARACCIOLO PARRA PEREZ', 5, 21),
(794, 9, 'IDELFONZO VASQUEZ', 5, 21),
(795, 10, 'CACIQUE MARA', 5, 21),
(796, 11, 'CECILIO ACOSTA', 5, 21),
(797, 12, 'RAUL LEONI', 5, 21),
(798, 13, 'FRANCISCO EUGENIO', 5, 21),
(799, 14, 'MANUEL DAGNINO', 5, 21),
(800, 15, 'LUIS HURTADO HIGERA', 5, 21),
(801, 16, 'VENANCIO PULGAR', 5, 21),
(802, 17, 'ANTONIO BORJAS ROMERO', 5, 21),
(803, 18, 'SAN ISIDRO', 5, 21),
(804, 1, 'FARIA', 6, 21),
(805, 2, 'SAN ANTONIO', 6, 21),
(806, 3, 'ANA MARIA CAMPOS', 6, 21),
(807, 4, 'SAN JOSE', 6, 21),
(808, 5, 'ALTA GRACIA', 6, 21),
(809, 1, 'GUAJIRA', 7, 21),
(810, 2, 'ELIAS SANCHEZ RUBIO', 7, 21),
(811, 3, 'SINAMAICA', 7, 21),
(812, 4, 'ALTA GUAJIRA', 7, 21),
(813, 1, 'SAN JOSE DE PERIJA', 8, 21),
(814, 2, 'BARTOLOME DE LAS CASAS', 8, 21),
(815, 3, 'LIBERTAD', 8, 21),
(816, 4, 'RIO NEGRO', 8, 21),
(817, 1, 'GIBRALTAR', 9, 21),
(818, 2, 'HERAS', 9, 21),
(819, 3, 'MONSEÑOR ARTURO CELESTINO ALVAREZ', 9, 21),
(820, 4, 'ROMULO GALLEGOS', 9, 21),
(821, 5, 'BOBURES', 9, 21),
(822, 6, 'EL BATEY', 9, 21),
(823, 1, 'ANDRES BELLO', 10, 21),
(824, 2, 'POTRERITOS', 10, 21),
(825, 3, 'EL CARMELO', 10, 21),
(826, 4, 'CHIQUINQUIRA', 10, 21),
(827, 5, 'CONCEPCION', 10, 21),
(828, 1, 'ELEAZAR LOPEZ CONTRERAS', 11, 21),
(829, 2, 'ALONSO DE OJEDA', 11, 21),
(830, 3, 'VENEZUELA', 11, 21),
(831, 4, 'CAMPO LARA', 11, 21),
(832, 5, 'LIBERTAD', 11, 21),
(833, 1, 'UDON PEREZ', 12, 21),
(834, 2, 'ENCONTRADOS', 12, 21),
(835, 1, 'DONALDO GARCIA', 13, 21),
(836, 2, 'SIXTO ZAMBRANO', 13, 21),
(837, 3, 'EL ROSARIO', 13, 21),
(838, 1, 'AMBROSIO', 14, 21),
(839, 2, 'GERMAN RIOS LINARES', 14, 21),
(840, 3, 'JORGE HERNANDEZ', 14, 21),
(841, 4, 'LA ROSA', 14, 21),
(842, 5, 'PUNTA GORDA', 14, 21),
(843, 6, 'CARMEN HERRERA', 14, 21),
(844, 7, 'SAN BENITO', 14, 21),
(845, 8, 'ROMULO BETANCOURT', 14, 21),
(846, 9, 'ARISTIDES CALVANI', 14, 21),
(847, 1, 'RAUL CUENCA', 15, 21),
(848, 2, 'LA VICTORIA', 15, 21),
(849, 3, 'RAFAEL URDANETA', 15, 21),
(850, 1, 'JOSE RAMON YEPEZ', 16, 21),
(851, 2, 'LA CONCEPCION', 16, 21),
(852, 3, 'SAN JOSE', 16, 21),
(853, 4, 'MARIANO PARRA LEON', 16, 21),
(854, 1, 'MONAGAS', 17, 21),
(855, 2, 'ISLA DE TOAS', 17, 21),
(856, 1, 'MARCIAL HERNANDEZ', 18, 21),
(857, 2, 'FRANCISCO OCHOA', 18, 21),
(858, 3, 'SAN FRANCISCO', 18, 21),
(859, 4, 'EL BAJO', 18, 21),
(860, 5, 'DOMITILA FLORES', 18, 21),
(861, 6, 'LOS CORTIJOS', 18, 21),
(862, 1, 'BARI', 19, 21),
(863, 2, 'JESUS MARIA SEMPRUN', 19, 21),
(864, 1, 'SIMON RODRIGUEZ', 20, 21),
(865, 2, 'CARLOS QUEVEDO', 20, 21),
(866, 3, 'FRANCISCO JAVIER PULGAR', 20, 21),
(867, 1, 'RAFAEL MARIA BARALT', 21, 21),
(868, 2, 'MANUEL MANRIQUE', 21, 21),
(869, 3, 'RAFAEL URDANETA', 21, 21),
(870, 2, 'ARAGUITA     ', 1, 13),
(871, 3, 'AREVALO GONZALEZ     ', 1, 13),
(872, 4, 'CAPAYA     ', 1, 13),
(873, 1, 'CAUCAGUA     ', 1, 13),
(874, 7, 'EL CAFE     ', 1, 13),
(875, 8, 'MARIZAPA     ', 1, 13),
(876, 5, 'PANAQUIRE     ', 1, 13),
(877, 6, 'RIBAS', 1, 13),
(878, 2, 'CURIEPE     ', 2, 13),
(879, 1, 'HIGUEROTE     ', 2, 13),
(880, 3, 'TACARIGUA', 2, 13),
(881, 7, 'ALTAGRACIA DE LA M     ', 3, 13),
(882, 2, 'CECILIO ACOSTA     ', 3, 13),
(883, 6, 'EL JARILLO     ', 3, 13),
(884, 1, 'LOS TEQUES     ', 3, 13),
(885, 3, 'PARACOTOS     ', 3, 13),
(886, 4, 'SAN PEDRO     ', 3, 13),
(887, 5, 'TACATA', 3, 13),
(888, 2, 'EL CARTANAL ', 4, 13),
(889, 1, 'STA TERESA DEL TUY', 4, 13),
(890, 2, 'LA DEMOCRACIA     ', 5, 13),
(891, 1, 'OCUMARE DEL TUY     ', 5, 13),
(892, 3, 'SANTA BARBARA', 5, 13),
(893, 2, 'EL GUAPO     ', 6, 13),
(894, 4, 'PAPARO     ', 6, 13),
(895, 1, 'RIO CHICO     ', 6, 13),
(896, 5, 'SAN FERNANDO DEL GUAPO     ', 6, 13),
(897, 3, 'TACARIGUA DE LA LAGUNA', 6, 13),
(898, 1, 'SANTA LUCIA', 7, 13),
(899, 1, 'GUARENAS', 8, 13),
(900, 3, 'CAUCAGUITA     ', 9, 13),
(901, 4, 'FILAS DE MARICHES     ', 9, 13),
(902, 5, 'LA DOLORITA     ', 9, 13),
(903, 2, 'LEONCIO MARTINEZ     ', 9, 13),
(904, 1, 'CUA     ', 10, 13),
(905, 2, 'NUEVA CUA', 10, 13),
(906, 2, 'BOLIVAR     ', 11, 13),
(907, 1, 'GUATIRE', 11, 13),
(908, 1, 'CHARALLAVE     ', 12, 13),
(909, 2, 'LAS BRISAS', 12, 13),
(910, 1, 'SAN ANTONIO DE LOS ALTOS', 13, 13),
(911, 2, 'CUMBO     ', 14, 13),
(912, 1, 'SAN JOSE DE BARLOVENTO', 14, 13),
(913, 1, 'SAN FCO DE YARE     ', 15, 13),
(914, 2, 'SAN ANTONIO DE YARE', 15, 13),
(915, 1, 'BARUTA     ', 16, 13),
(916, 2, 'EL CAFETAL     ', 16, 13),
(917, 3, 'LAS MINAS DE BARUTA', 16, 13),
(918, 1, 'CARRIZAL', 17, 13),
(919, 1, 'CHACAO', 18, 13),
(920, 1, 'EL HATILLO', 19, 13),
(921, 1, 'MAMPORAL', 20, 13),
(922, 1, 'CUPIRA     ', 21, 13),
(923, 2, 'MACHURUCUTO', 21, 13),
(924, 1, 'GUARENAS', 21, 13),
(925, 6, 'ALTO DE LOS GODOS     ', 7, 14),
(926, 7, 'BOQUERON     ', 7, 14),
(927, 3, 'EL COROZO     ', 7, 14),
(928, 1, 'EL FURRIAL     ', 7, 14),
(929, 2, 'JUSEPIN     ', 7, 14),
(930, 5, 'LA PICA     ', 7, 14),
(931, 8, 'LAS COCUIZAS     ', 7, 14),
(932, 10, 'SAN SIMON     ', 7, 14),
(933, 9, 'SANTA CRUZ     ', 7, 14),
(934, 4, 'SAN VICENTE', 7, 14),
(935, 1, 'SAN ANTONIO     ', 1, 14),
(936, 2, 'SAN FRANCISCO', 1, 14),
(937, 1, 'AGUASAY', 11, 14),
(938, 2, 'CARIPITO', 11, 14),
(939, 1, 'CARIPE     ', 3, 14),
(940, 3, 'EL GUACHARO     ', 3, 14),
(941, 5, 'LA GUANOTA     ', 3, 14),
(942, 6, 'SABANA DE PIEDRA     ', 3, 14),
(943, 4, 'SAN AGUSTIN     ', 3, 14),
(944, 2, 'TERESEN', 3, 14),
(945, 1, 'CAICARA     ', 4, 14),
(946, 2, 'AREO     ', 4, 14),
(947, 3, 'SAN FELIX     ', 4, 14),
(948, 4, 'VIENTO FRESCO', 4, 14),
(949, 1, 'PUNTA DE MATA     ', 5, 14),
(950, 2, 'EL TEJERO', 5, 14),
(951, 1, 'TEMBLADOR     ', 6, 14),
(952, 4, 'CHAGUARAMAS     ', 6, 14),
(953, 3, 'LAS ALHUACAS ', 6, 14),
(954, 2, 'TABASCA', 6, 14),
(955, 1, 'ARAGUA     ', 8, 14),
(956, 4, 'APARICIO     ', 8, 14),
(957, 2, 'CHAGUARAMAL     ', 8, 14),
(958, 6, 'EL PINTO     ', 8, 14),
(959, 3, 'GUANAGUANA     ', 8, 14),
(960, 7, 'LA TOSCANA     ', 8, 14),
(961, 5, 'TAGUAYA', 8, 14),
(962, 1, 'QUIRIQUIRE     ', 9, 14),
(963, 2, 'CACHIPO', 9, 14),
(964, 1, 'SANTA BARBARA', 12, 14),
(965, 1, 'BARRANCAS     ', 10, 14),
(966, 2, 'LOS BARRANCOS DE FAJARDO', 10, 14),
(967, 1, 'URACOA', 13, 14),
(968, 1, 'LA ASUNCION', 1, 15),
(969, 1, 'LA PLAZA DE PARAGUACHI', 10, 15),
(970, 1, 'SAN JUAN BAUTISTA     ', 2, 15),
(971, 2, 'ZABALA', 2, 15),
(972, 1, 'VALLE ESP SANTO     ', 11, 15),
(973, 2, 'FRANCISCO FAJARDO', 11, 15),
(974, 1, 'SANTA ANA     ', 3, 15),
(975, 4, 'BOLIVAR     ', 3, 15),
(976, 2, 'GUEVARA     ', 3, 15),
(977, 3, 'MATASIETE     ', 3, 15),
(978, 5, 'SUCRE', 3, 15),
(979, 1, 'PAMPATAR     ', 4, 15),
(980, 2, 'AGUIRRE', 4, 15),
(981, 1, 'JUAN GRIEGO', 5, 15),
(982, 2, 'ADRIAN', 5, 15),
(983, 1, 'PORLAMAR', 6, 15),
(984, 1, 'BOCA DEL RIO', 7, 15),
(985, 2, 'SAN FRANCISCO', 7, 15),
(986, 1, 'PUNTA DE PIEDRAS     ', 9, 15),
(987, 2, 'LOS BARALES', 9, 15),
(988, 1, 'SAN PEDRO DE COCHE     ', 8, 15),
(989, 2, 'VICENTE FUENTES', 8, 15),
(990, 1, 'GUANARE     ', 3, 16),
(991, 2, 'CORDOBA     ', 3, 16),
(992, 5, 'SAN JOSE DE LA MONTAÑA     ', 3, 16),
(993, 3, 'SAN JUAN GUANAGUANARE     ', 3, 16),
(994, 4, 'VIRGEN DE LA COROMOTO', 3, 16),
(995, 1, 'AGUA BLANCA', 10, 16),
(996, 1, 'ARAURE     ', 1, 16),
(997, 2, 'RIO ACARIGUA', 1, 16),
(998, 1, 'PIRITU     ', 2, 16),
(999, 2, 'UVERAL', 2, 16),
(1000, 1, 'BOCONOITO     ', 12, 16),
(1001, 2, 'ANTOLIN TOVAR AQUINO', 12, 16),
(1002, 1, 'GUANARITO     ', 4, 16),
(1003, 3, 'DIVINA PASTORA     ', 4, 16),
(1004, 2, 'TRINIDAD DE LA CAPILLA', 4, 16),
(1005, 1, 'CHABASQUEN     ', 9, 16),
(1006, 2, 'PEÑA BLANCA', 9, 16),
(1007, 1, 'OSPINO     ', 5, 16),
(1008, 2, 'APARICION     ', 5, 16),
(1009, 3, 'LA ESTACION', 5, 16),
(1010, 1, 'ACARIGUA     ', 6, 16),
(1011, 2, 'PAYARA     ', 6, 16),
(1012, 3, 'PIMPINELA     ', 6, 16),
(1013, 4, 'RAMON PERAZA', 6, 16),
(1014, 1, 'PAPELON     ', 11, 16),
(1015, 2, 'CAÑO DELGADITO', 11, 16),
(1016, 1, 'EL PLAYON     ', 14, 16),
(1017, 2, 'FLORIDA', 14, 16),
(1018, 1, 'SAN RAFAEL DE ONOTO     ', 13, 16),
(1019, 2, 'SANTA FE     ', 13, 16),
(1020, 3, 'THERMO MORLES', 13, 16),
(1021, 1, 'BISCUCUY     ', 7, 16),
(1022, 2, 'CONCEPCION     ', 7, 16),
(1023, 5, 'SAN JOSE DE SAGUAZ     ', 7, 16),
(1024, 3, 'SAN RAFAEL PALO ALZADO     ', 7, 16),
(1025, 4, 'UVENCIO A VELASQUEZ     ', 7, 16),
(1026, 6, 'VILLA ROSA', 7, 16),
(1027, 1, 'VILLA BRUZUAL     ', 8, 16),
(1028, 2, 'CANELONES     ', 8, 16),
(1029, 4, 'SAN ISIDRO LABRADOR     ', 8, 16),
(1030, 3, 'SANTA CRUZ', 8, 16),
(1031, 1, 'ALTAGRACIA     ', 9, 17),
(1032, 2, 'AYACUCHO     ', 9, 17),
(1033, 6, 'GRAN MARISCAL     ', 9, 17),
(1034, 7, 'RAUL LEONI     ', 9, 17),
(1035, 5, 'SAN JUAN     ', 9, 17),
(1036, 3, 'SANTA INES     ', 9, 17),
(1037, 4, 'VALENTIN VALIENTE', 9, 17),
(1038, 1, 'MARIÑO     ', 11, 17),
(1039, 2, 'ROMULO GALLEGOS', 11, 17),
(1040, 1, 'SAN JOSE DE AREOCUAR     ', 13, 17),
(1041, 2, 'TAVERA ACOSTA', 13, 17),
(1042, 5, 'ANTONIO JOSE DE SUCRE     ', 1, 17),
(1043, 4, 'EL MORRO DE PTO SANTO     ', 1, 17),
(1044, 3, 'PUERTO SANTO ', 1, 17),
(1045, 1, 'RIO CARIBE     ', 1, 17),
(1046, 2, 'SAN JUAN GALDONAS', 1, 17),
(1047, 1, 'EL PILAR     ', 2, 17),
(1048, 2, 'EL RINCON     ', 2, 17),
(1049, 6, 'GENERAL FRANCISCO A VASQUEZ     ', 2, 17),
(1050, 3, 'GUARAUNOS     ', 2, 17),
(1051, 4, 'TUNAPUICITO     ', 2, 17),
(1052, 5, 'UNION', 2, 17),
(1053, 4, 'BOLIVAR     ', 3, 17),
(1054, 5, 'MACARAPANA     ', 3, 17),
(1055, 1, 'SANTA CATALINA     ', 3, 17),
(1056, 2, 'SANTA ROSA     ', 3, 17),
(1057, 3, 'SANTA TERESA', 3, 17),
(1058, 1, 'MARIGUITAR', 14, 17),
(1059, 2, 'LIBERTAD     ', 4, 17),
(1060, 3, 'PAUJIL     ', 4, 17),
(1061, 1, 'YAGUARAPARO', 4, 17),
(1062, 1, 'ARAYA     ', 15, 17),
(1063, 3, 'CHACOPATA     ', 15, 17),
(1064, 2, 'MANICUARE', 15, 17),
(1065, 2, 'CAMPO ELIAS     ', 12, 17),
(1066, 1, 'TUNAPUY', 12, 17),
(1067, 2, 'CAMPO CLARO     ', 5, 17),
(1068, 1, 'IRAPA     ', 5, 17),
(1069, 5, 'MARABAL     ', 5, 17),
(1070, 4, 'SAN ANTONIO DE IRAPA     ', 5, 17),
(1071, 3, 'SORO', 5, 17),
(1072, 1, 'SAN ANTONIO DEL GOLFO', 6, 17),
(1073, 2, 'ARENAS     ', 7, 17),
(1074, 3, 'ARICAGUA     ', 7, 17),
(1075, 4, 'COCOLLAR     ', 7, 17),
(1076, 1, 'CUMANACOA     ', 7, 17),
(1077, 5, 'SAN FERNANDO     ', 7, 17),
(1078, 6, 'SAN LORENZO', 7, 17),
(1079, 1, 'CARIACO     ', 8, 17),
(1080, 2, 'CATUARO     ', 8, 17),
(1081, 3, 'RENDON     ', 8, 17),
(1082, 4, 'SANTA CRUZ     ', 8, 17),
(1083, 5, 'SANTA MARIA', 8, 17),
(1084, 4, 'BIDEAU     ', 10, 17),
(1085, 2, 'CRISTOBAL COLON     ', 10, 17),
(1086, 1, 'GUIRIA     ', 10, 17),
(1087, 3, 'PUNTA DE PIEDRA', 10, 17),
(1088, 7, 'ANDRÉS ELOY BLANCO', 1, 4),
(1089, 2, 'CHORONI', 1, 4),
(1090, 4, 'JOAQUIN CRESPO', 1, 4),
(1091, 6, 'JOSÉ CASANOVA GODOY', 1, 4),
(1092, 1, 'LAS DELICIAS', 1, 4),
(1093, 8, 'LOS TACARIGUAS', 1, 4),
(1094, 3, 'MADRE MARÍA DE SAN JOSÉ', 1, 4),
(1095, 5, 'PEDRO JOSÉ OVALLES', 1, 4),
(1096, 1, 'SAN MATEO', 11, 4),
(1097, 1, 'CAMATAGUA', 15, 4),
(1098, 2, 'CARMEN DE CURA', 15, 4),
(1099, 1, 'SANTA RITA', 17, 4),
(1100, 2, 'FRANCISCO DE MIRANDA', 17, 4),
(1101, 3, 'MONSEÑOR FELICIANO GONZALÉZ', 17, 4),
(1102, 1, 'SANTA CRUZ', 10, 4),
(1103, 1, 'JUAN VICENTE BOLÍVAR', 3, 4),
(1104, 4, 'CASTOR NIEVES RÍOS', 3, 4),
(1105, 5, 'LAS GUACAMAYAS', 3, 4),
(1106, 3, 'PAO DE ZARATE', 3, 4),
(1107, 2, 'ZUATA', 3, 4),
(1108, 1, 'EL CONSEJO', 16, 4),
(1109, 1, 'PALO NEGRO', 9, 4),
(1110, 2, 'SAN MARTÍN DE PORRES', 9, 4),
(1111, 1, 'EL LIMÓN', 13, 4),
(1112, 2, 'CAÑA DE AZUCAR', 13, 4),
(1113, 1, 'OCUMARE DE LA COSTA', 18, 4),
(1114, 1, 'SAN CASIMIRO', 4, 4),
(1115, 3, 'GÜIRIPA', 4, 4),
(1116, 4, 'OLLAS DE CARAMACATE', 4, 4),
(1117, 2, 'VALLE MORÍN', 4, 4),
(1118, 1, 'SAN SEBASTIAN', 5, 4),
(1119, 1, 'TURMERO', 2, 4),
(1120, 3, 'ALFREDO PACHECO MIRANDA', 2, 4),
(1121, 5, 'AREVALO APONTE', 2, 4),
(1122, 4, 'CHUAO', 2, 4),
(1123, 2, 'SAMAN DE GÜERE', 2, 4),
(1124, 1, 'LAS TEJERÍAS', 12, 4),
(1125, 2, 'TIARA', 12, 4),
(1126, 1, 'CAGUA', 6, 4),
(1127, 2, 'BELLA VISTA', 6, 4),
(1128, 1, 'COLONIA TOVAR', 14, 4),
(1129, 1, 'BARBACOAS', 7, 4),
(1130, 4, 'LAS PEÑITAS', 7, 4),
(1131, 2, 'SAN FRANCISCO DE CARA', 7, 4),
(1132, 3, 'TAGUAY', 7, 4),
(1133, 1, 'VILLA DE CURA', 8, 4),
(1134, 2, 'MAGDALENO', 8, 4),
(1135, 5, 'AUGUSTO MIJARES', 8, 4),
(1136, 3, 'SAN FRANCISCO DE ASIS', 8, 4),
(1137, 4, 'VALLES DE TUCUTUNEMO', 8, 4),
(1138, 1, 'PETARE', 9, 13);

-- --------------------------------------------------------

--
-- Estructura de tabla para la tabla `perfiles`
--

CREATE TABLE `perfiles` (
  `id` bigint(20) UNSIGNED NOT NULL,
  `nombre` varchar(255) COLLATE utf8_spanish_ci NOT NULL,
  `activo` tinyint(1) NOT NULL
) ENGINE=InnoDB DEFAULT CHARSET=utf8 COLLATE=utf8_spanish_ci;

--
-- Volcado de datos para la tabla `perfiles`
--

INSERT INTO `perfiles` (`id`, `nombre`, `activo`) VALUES
(0, 'Ministerial', 1),
(1, 'Sala Situacional', 1),
(2, 'Estadal', 1),
(3, 'Municipal', 1),
(4, 'Linea de transporte', 1),
(5, 'Transportista', 1),
(6, 'Ministerial', 1);

-- --------------------------------------------------------

--
-- Estructura de tabla para la tabla `rubros`
--

CREATE TABLE `rubros` (
  `id` int(11) NOT NULL,
  `descripcion` varchar(50) COLLATE utf8_spanish2_ci NOT NULL,
  `dias_no_habil` int(11) NOT NULL
) ENGINE=InnoDB DEFAULT CHARSET=utf8 COLLATE=utf8_spanish2_ci;

--
-- Volcado de datos para la tabla `rubros`
--

INSERT INTO `rubros` (`id`, `descripcion`, `dias_no_habil`) VALUES
(1, 'Neumático', 90),
(2, 'Lubricante', 16),
(3, 'Batería (acumulador eléctrico)', 180);

-- --------------------------------------------------------

--
-- Estructura de tabla para la tabla `rutas`
--

CREATE TABLE `rutas` (
  `id` int(11) NOT NULL,
  `estado` int(11) NOT NULL,
  `municipio` int(11) NOT NULL,
  `ruta` text NOT NULL,
  `tipo_ruta` int(1) NOT NULL,
  `ruta_descripcion` text,
  `kilometros` text,
  `cant_paradas` text
) ENGINE=InnoDB DEFAULT CHARSET=latin1;

--
-- Volcado de datos para la tabla `rutas`
--

INSERT INTO `rutas` (`id`, `estado`, `municipio`, `ruta`, `tipo_ruta`, `ruta_descripcion`, `kilometros`, `cant_paradas`) VALUES
(28, 17, 9, 'COOPERATIVA CUMANA', 1, 'descripcion', '18', '12'),
(29, 17, 12, 'TUNAPUI-CARUPANO', 1, 'descripcion', '18', '12');

-- --------------------------------------------------------

--
-- Estructura de tabla para la tabla `solicitudes`
--

CREATE TABLE `solicitudes` (
  `id` int(11) NOT NULL,
  `id_user` int(11) NOT NULL,
  `cod_linea` varchar(50) COLLATE utf8_spanish2_ci NOT NULL,
  `cod_afiliado` varchar(255) COLLATE utf8_spanish2_ci NOT NULL,
  `fec_solicitud` date NOT NULL,
  `estado` int(11) NOT NULL,
  `municipio` int(11) NOT NULL,
  `estatus` int(11) NOT NULL DEFAULT '1'
) ENGINE=InnoDB DEFAULT CHARSET=utf8 COLLATE=utf8_spanish2_ci;

-- --------------------------------------------------------

--
-- Estructura de tabla para la tabla `tipo_ruta`
--

CREATE TABLE `tipo_ruta` (
  `id_ruta` int(11) NOT NULL,
  `tipo_ruta` varchar(50) NOT NULL
) ENGINE=MyISAM DEFAULT CHARSET=latin1;

--
-- Volcado de datos para la tabla `tipo_ruta`
--

INSERT INTO `tipo_ruta` (`id_ruta`, `tipo_ruta`) VALUES
(1, 'PERIFERICA'),
(2, 'TRONCALES'),
(3, 'URBANA'),
(4, 'SUBURBANA'),
(5, 'INTERURBANA');

-- --------------------------------------------------------

--
-- Estructura de tabla para la tabla `tipo_unidad`
--

CREATE TABLE `tipo_unidad` (
  `id` int(11) NOT NULL,
  `tipo_unidad` varchar(50) NOT NULL
) ENGINE=InnoDB DEFAULT CHARSET=latin1;

--
-- Volcado de datos para la tabla `tipo_unidad`
--

INSERT INTO `tipo_unidad` (`id`, `tipo_unidad`) VALUES
(1, 'AUTOBUS'),
(2, 'MINIBUS'),
(3, 'PERIFERICO'),
(4, 'RUSTICO'),
(5, 'TAXI'),
(6, 'OTRO');

-- --------------------------------------------------------

--
-- Estructura de tabla para la tabla `unidades`
--

CREATE TABLE `unidades` (
  `id` int(11) NOT NULL,
  `cod_linea` varchar(50) NOT NULL,
  `cod_afiliado` varchar(20) NOT NULL,
  `estado` int(2) NOT NULL,
  `municipio` int(2) NOT NULL,
  `ruta` varchar(255) DEFAULT NULL,
  `tipo_unidad` int(2) NOT NULL,
  `cap` int(5) NOT NULL,
  `marca` varchar(50) NOT NULL,
  `modelo` varchar(50) NOT NULL,
  `color` varchar(50) DEFAULT NULL,
  `foto` varchar(255) DEFAULT NULL,
  `ano` int(4) NOT NULL,
  `placa` varchar(10) NOT NULL,
  `tipo_lub` varchar(30) DEFAULT NULL,
  `cant_lubri` int(2) DEFAULT NULL,
  `num_neu` varchar(20) NOT NULL,
  `cant_neu` int(2) NOT NULL,
  `acumulador` varchar(15) NOT NULL,
  `obser` varchar(255) DEFAULT NULL,
  `activo` int(1) NOT NULL,
  `verf` int(11) NOT NULL DEFAULT '0'
) ENGINE=InnoDB DEFAULT CHARSET=latin1;

--
-- Volcado de datos para la tabla `unidades`
--

INSERT INTO `unidades` (`id`, `cod_linea`, `cod_afiliado`, `estado`, `municipio`, `ruta`, `tipo_unidad`, `cap`, `marca`, `modelo`, `color`, `foto`, `ano`, `placa`, `tipo_lub`, `cant_lubri`, `num_neu`, `cant_neu`, `acumulador`, `obser`, `activo`, `verf`) VALUES
(63, '171230078061', '17124684536', 17, 12, '29', 1, 40, '14', '132', 'BLANCO', '654s', 2000, 'RAS806', '4', 4, '25', 3, '1000AMP', '', 1, 1),
(64, '171230078061', '17918212595', 17, 12, '29', 5, 4, '8', '84', 'AZUL', 'sdfsdf', 2015, 'RAS810', '4', 4, '17', 4, '700 AMP', '', 1, 1),
(65, '171230078061', '17124684536', 17, 12, '29', 3, 30, '34', '388', 'GRIS', 'fsdfghh', 2010, '09AA4EO', '4', 6, '2', 4, '1000 AMP', '', 0, 1),
(66, '171230078061', '17124684536', 17, 12, '29', 4, 8, '7', '49', 'BLANCO', '99999.', 2000, '99999', '4', 6, '9', 4, '1000 AMP', 'SSSS', 1, 1);

-- --------------------------------------------------------

--
-- Estructura de tabla para la tabla `users`
--

CREATE TABLE `users` (
  `id` int(11) NOT NULL,
  `cod_linea` varchar(50) COLLATE utf8_spanish_ci DEFAULT '',
  `usuario` varchar(255) COLLATE utf8_spanish_ci DEFAULT '',
  `password` varchar(255) COLLATE utf8_spanish_ci NOT NULL,
  `perfil` int(11) NOT NULL,
  `estado` int(11) NOT NULL,
  `municipio` int(11) NOT NULL,
  `nacionalidad` varchar(1) COLLATE utf8_spanish_ci DEFAULT NULL,
  `cedula` varchar(20) COLLATE utf8_spanish_ci DEFAULT NULL,
  `nombre` varchar(255) COLLATE utf8_spanish_ci DEFAULT NULL,
  `apellido` varchar(255) COLLATE utf8_spanish_ci DEFAULT NULL,
  `telefono` varchar(255) COLLATE utf8_spanish_ci DEFAULT NULL,
  `email` varchar(255) COLLATE utf8_spanish_ci DEFAULT NULL,
  `direccion` varchar(255) COLLATE utf8_spanish_ci DEFAULT NULL,
  `foto` varchar(255) COLLATE utf8_spanish_ci DEFAULT NULL,
  `serial_cp` varchar(20) COLLATE utf8_spanish_ci DEFAULT NULL,
  `cod_cp` varchar(20) COLLATE utf8_spanish_ci DEFAULT NULL,
  `activo` tinyint(1) NOT NULL,
  `password_activo` tinyint(1) NOT NULL,
  `nac_lin` varchar(1) CHARACTER SET latin1 DEFAULT NULL,
  `rif` varchar(20) CHARACTER SET latin1 DEFAULT NULL,
  `nombre_linea` varchar(255) CHARACTER SET latin1 DEFAULT NULL,
  `tipo_ruta` varchar(50) CHARACTER SET latin1 DEFAULT NULL,
  `ruta` varchar(255) CHARACTER SET latin1 DEFAULT NULL,
  `gremio` varchar(255) CHARACTER SET latin1 DEFAULT NULL,
  `observaciones` varchar(255) CHARACTER SET latin1 DEFAULT NULL,
  `qr` varchar(255) COLLATE utf8_spanish_ci DEFAULT NULL
) ENGINE=InnoDB DEFAULT CHARSET=utf8 COLLATE=utf8_spanish_ci;

--
-- Volcado de datos para la tabla `users`
--

INSERT INTO `users` (`id`, `cod_linea`, `usuario`, `password`, `perfil`, `estado`, `municipio`, `nacionalidad`, `cedula`, `nombre`, `apellido`, `telefono`, `email`, `direccion`, `foto`, `serial_cp`, `cod_cp`, `activo`, `password_activo`, `nac_lin`, `rif`, `nombre_linea`, `tipo_ruta`, `ruta`, `gremio`, `observaciones`, `qr`) VALUES
(1, NULL, 'E_DISTRITO_CAPITAL', '$2y$10$KB3qdawIaagN10mWM5sRi.R.Vod/8ZxnKp5kXoslBeBzg27q2fMci', 2, 1, 0, NULL, NULL, NULL, NULL, NULL, NULL, NULL, 'fototemp.png', NULL, NULL, 1, 0, '', '', '', '', '', '', NULL, NULL),
(2, NULL, 'E_ANZOATEGUI', '$2y$10$57gZbYx3silXJDX0.E.OvuBriH51b1mEu4GPjDcQDwhFVJUK/A9xi', 2, 2, 0, NULL, NULL, NULL, NULL, NULL, NULL, NULL, 'fototemp.png', NULL, NULL, 1, 0, '', '', '', '', '', '', NULL, NULL),
(4, NULL, 'E_ARAGUA', '$2y$10$n1lwBhs6FjsUsmCZ8a8XG.vJQm.KFq/7XhorrXByZRsjskxxIEuum', 2, 4, 0, NULL, NULL, NULL, NULL, NULL, NULL, NULL, 'fototemp.png', NULL, NULL, 1, 0, '', '', '', '', '', '', NULL, NULL),
(5, NULL, 'E_BARINAS', '$2y$10$p0N.pDqlFBiw5YP9AcA43uZifltLJ.J/VBbntmeZnoIYb2gPYS1OS', 2, 5, 0, NULL, NULL, NULL, NULL, NULL, NULL, NULL, 'fototemp.png', NULL, NULL, 1, 0, '', '', '', '', '', '', NULL, NULL),
(6, NULL, 'E_BOLIVAR', '$2y$10$ABiPWUFHii15jDlhCV9FH.6.p1xbbJYFKgB3.ML0HYc.aH0Jm7wTa', 2, 6, 0, NULL, NULL, NULL, NULL, NULL, NULL, NULL, 'fototemp.png', NULL, NULL, 1, 0, '', '', '', '', '', '', NULL, NULL),
(7, NULL, 'E_CARABOBO', '$2y$10$ABiPWUFHii15jDlhCV9FH.6.p1xbbJYFKgB3.ML0HYc.aH0Jm7wTa', 2, 7, 0, '', NULL, NULL, NULL, NULL, NULL, NULL, 'fototemp.png', NULL, NULL, 1, 0, '', '', '', '', '', '', NULL, NULL),
(8, NULL, 'E_COJEDES', '$2y$10$w5/DWP6QG18uV1Es01QHWup5husgEL3KhnueaEAJh7plyMYCe/Ahi', 2, 8, 0, NULL, NULL, NULL, NULL, NULL, NULL, NULL, 'fototemp.png', NULL, NULL, 1, 0, '', '', '', '', '', '', NULL, NULL),
(9, NULL, 'E_FALCON', '$2y$10$Q5PVR/wG9toNrU9whwxPj.rZuAziA1.8D/lOUTmPfDXwH6NLQWwiy', 2, 9, 0, NULL, NULL, NULL, NULL, NULL, NULL, NULL, 'fototemp.png', NULL, NULL, 1, 0, '', '', '', '', '', '', NULL, NULL),
(10, NULL, 'E_GUARICO', '$2y$10$pVXC5WN/UKcDZTVIEOWm2O5bKhsfwJ9VJ8LV.AgB4Y.14BHkNoe3O', 2, 10, 0, NULL, NULL, NULL, NULL, NULL, NULL, NULL, 'fototemp.png', NULL, NULL, 1, 0, '', '', '', '', '', '', NULL, NULL),
(11, NULL, 'E_LARA', '$2y$10$iC3oaerEpaVMg71aoy86TeMd4h7d1b9jE8mQPKzGi9hFbEYt.N2g2', 2, 11, 0, NULL, NULL, NULL, NULL, NULL, NULL, NULL, 'fototemp.png', NULL, NULL, 1, 0, '', '', '', '', '', '', NULL, NULL),
(12, NULL, 'E_MERIDA', '$2y$10$tLTKdh5zEDBsBczOJA0hzuLnMkOm.gsuUouSECY/6mS9mPoxuSS9.', 2, 12, 0, NULL, NULL, NULL, NULL, NULL, NULL, NULL, 'fototemp.png', NULL, NULL, 1, 0, '', '', '', '', '', '', NULL, NULL),
(13, NULL, 'E_MIRANDA', '$2y$10$MxTE3TRlOdQwHmYQN1/jGOexNeWfkSqW1/qWUSKIwjOPXW/6Yhizy', 2, 13, 0, NULL, NULL, NULL, NULL, NULL, NULL, NULL, 'fototemp.png', NULL, NULL, 1, 0, '', '', '', '', '', '', NULL, NULL),
(14, NULL, 'E_MONAGAS', '$2y$10$g3TeomWhhSe5EM8jSA5YpOJ6oXaIuM4S2OrwPwITkTq49JPk0lbfW', 2, 14, 0, NULL, NULL, NULL, NULL, NULL, NULL, NULL, 'fototemp.png', NULL, NULL, 1, 0, '', '', '', '', '', '', NULL, NULL),
(15, NULL, 'E_NUEVA_ESPARTA', '$2y$10$JNPfgpH3.D3DNPtPrHAFNu.m/3t2elO2he2eXi4MKxij5onAgnFHu', 2, 15, 0, NULL, NULL, NULL, NULL, NULL, NULL, NULL, 'fototemp.png', NULL, NULL, 1, 0, '', '', '', '', '', '', NULL, NULL),
(16, NULL, 'E_PORTUGUESA', '$2y$10$YN89Aw3BT1ELI91KEnw3y.dQIiCI6lyS8mcajt63pcABqtEdGqmhK', 2, 16, 0, NULL, NULL, NULL, NULL, NULL, NULL, NULL, 'fototemp.png', NULL, NULL, 1, 0, '', '', '', '', '', '', NULL, NULL),
(17, NULL, 'E_SUCRE', '$2y$10$2A0rZQVLR/BIqtLAW8DbIuL2oBwWqbFsJ/WGMhjHCXi9h8FQC3JsW', 2, 17, 0, 'V', '14008562', 'LUIS', 'GUAIQUIRIAN', '1112', 'luisguaiquirian@gmail.com', NULL, 'E_SUCRE.jpeg', NULL, NULL, 1, 1, '', '', '', '', '', '', NULL, NULL),
(18, NULL, 'E_TACHIRA', '$2y$10$.vHHYMRvsRC98kgcx2Gw4ecI3AJD5npb5H.8vLDm/J8LI6hZtT/dy', 2, 18, 0, NULL, NULL, NULL, NULL, NULL, NULL, NULL, 'fototemp.png', NULL, NULL, 1, 0, '', '', '', '', '', '', NULL, NULL),
(19, NULL, 'E_TRUJILLO', '$2y$10$jLqWMh5VO/I4bw4NNauU1eorDHozsZJOiQ1uVbi5sbYw4FYUA0cI.', 2, 19, 0, NULL, NULL, NULL, NULL, NULL, NULL, NULL, 'fototemp.png', NULL, NULL, 1, 0, '', '', '', '', '', '', NULL, NULL),
(20, NULL, 'E_YARACUY', '$2y$10$x8ztieHlxAy3g6CUVpbuRu9qxvcvSAK8ADgK8qXd5sDxQvYeu1rmO', 2, 20, 0, NULL, NULL, NULL, NULL, NULL, NULL, NULL, 'fototemp.png', NULL, NULL, 1, 0, '', '', '', '', '', '', NULL, NULL),
(21, NULL, 'E_ZULIA', '$2y$10$qYwbWC72Sha4Mj5m3koEKOPYoMwE0Lc0YQKPWwDPXY4/a9iRFo2sq', 2, 21, 0, NULL, NULL, NULL, NULL, NULL, NULL, NULL, 'fototemp.png', NULL, NULL, 1, 0, '', '', '', '', '', '', NULL, NULL),
(22, NULL, 'E_AMAZONAS', '$2y$10$ZK8ahneIPLYt96xgQM3FI.JJuXZULlsvidfOjpSb1KvbqpWlJT8X2', 2, 22, 0, NULL, NULL, NULL, NULL, NULL, NULL, NULL, 'fototemp.png', NULL, NULL, 1, 0, '', '', '', '', '', '', NULL, NULL),
(23, NULL, 'E_DELTA_AMACURO', '$2y$10$1udrR./ONvVsKzh1ut/eXeme/rY9HA5KmxAffkE3LClAyOnbc7cuO', 2, 23, 0, NULL, NULL, NULL, NULL, NULL, NULL, NULL, 'fototemp.png', NULL, NULL, 1, 0, '', '', '', '', '', '', NULL, NULL),
(24, NULL, 'E_VARGAS', '$2y$10$aS0nCj19WdNd3NEnOcdxnOdyWcTcNjU3iZol1UMDtL9.CQ1Th561y', 2, 24, 0, NULL, NULL, NULL, NULL, NULL, NULL, NULL, 'fototemp.png', NULL, NULL, 1, 0, '', '', '', '', '', '', NULL, NULL),
(25, NULL, 'admin', '$2y$10$jTyZrShainwBogZcfDIatOfrckKThvWt8CfhlLi3.2.PqEfZs9xQa', 1, 1, 1, 'V', '14008562', 'LUIS R.', 'GUAIQUIRIAN', '04265809095', 'luisguaiquirian@hotmail.com', 'CALLE RENDON CASA NRO. 100', 'admin.jpeg', NULL, NULL, 1, 1, '', '', '', '', '', '', NULL, NULL),
(26, NULL, 'E_3_M_SAN_FERNANDO', '$2y$10$Gx/1cVMy8xnxJhjxMaOx5ewsiqe9v3qoLVjKYw6yZ3nNUGXGaBddO', 3, 3, 6, NULL, NULL, NULL, NULL, NULL, NULL, NULL, 'fototemp.png', NULL, NULL, 1, 0, '', '', '', '', '', '', NULL, NULL),
(27, NULL, 'E_3_M_ACHAGUAS', '$2y$10$4sfanGhSn0zHN4/zJFnW.uGlF2IjliVYuTjBl3napM2/OWsZUYX0S', 3, 3, 1, NULL, NULL, NULL, NULL, NULL, NULL, NULL, 'fototemp.png', NULL, NULL, 1, 0, '', '', '', '', '', '', NULL, NULL),
(28, NULL, 'E_3_M_BIRUACA', '$2y$10$ifY5RQjeOcKHLeYnikk6AueD9rj7xrxdbi/283zzqf5i2eWi0dKLy', 3, 3, 7, NULL, NULL, NULL, NULL, NULL, NULL, NULL, 'fototemp.png', NULL, NULL, 1, 0, '', '', '', '', '', '', NULL, NULL),
(29, NULL, 'E_3_M_MUÑOZ', '$2y$10$edVqDsGx1ZkAptcVK6TIGeyUx.6pEKr983b6mbs70J4iE4jejmeNy', 3, 3, 2, NULL, NULL, NULL, NULL, NULL, NULL, NULL, 'fototemp.png', NULL, NULL, 1, 0, '', '', '', '', '', '', NULL, NULL),
(30, NULL, 'E_3_M_PAEZ', '$2y$10$Zd39V0x6HRIi3lr8emD4D.nUnroK7ExVXbNgPpff3nsspQHxO30aS', 3, 3, 3, NULL, NULL, NULL, NULL, NULL, NULL, NULL, 'fototemp.png', NULL, NULL, 1, 0, '', '', '', '', '', '', NULL, NULL),
(31, NULL, 'E_3_M_PEDRO_CAMEJO', '$2y$10$q2E.gSvdLBA1u/cUl/vVxuT9uK7/8eKaYLi/C.8EL15Zr41c.Jd8G', 3, 3, 4, NULL, NULL, NULL, NULL, NULL, NULL, NULL, 'fototemp.png', NULL, NULL, 1, 0, '', '', '', '', '', '', NULL, NULL),
(32, NULL, 'E_3_M_ROMULO_GALLEGOS', '$2y$10$vFvW73FIGPiKUgq.CSzztu938NUexozdOI50/CJEFd2RbGmFeJoBC', 3, 3, 5, NULL, NULL, NULL, NULL, NULL, NULL, NULL, 'fototemp.png', NULL, NULL, 1, 0, '', '', '', '', '', '', NULL, NULL),
(33, NULL, 'E_5_M_BARINAS', '$2y$10$GilHRTl5kp4F01z3UsHHTeIOOOxkjc4MhrrMwPB5j0FGB8MJyvW72', 3, 5, 2, NULL, NULL, NULL, NULL, NULL, NULL, NULL, 'fototemp.png', NULL, NULL, 1, 0, '', '', '', '', '', '', NULL, NULL),
(34, NULL, 'E_5_M_ANTONIO_JOSE_DE_SUCRE', '$2y$10$1exR8YrgyyNuKeNGu.iXt.YvqAaPtbLLHjAUhhLoZ/Jd13CGfPRT6', 3, 5, 10, NULL, NULL, NULL, NULL, NULL, NULL, NULL, 'fototemp.png', NULL, NULL, 1, 0, '', '', '', '', '', '', NULL, NULL),
(35, NULL, 'E_5_M_ALBERTO_ARVELO_TORREALBA', '$2y$10$R5.KRmLsnPnvJ.FxzGOUFeVNRWsHqzJhOzu5ZDdq8Hn3/NcSxycym', 3, 5, 9, NULL, NULL, NULL, NULL, NULL, NULL, NULL, 'fototemp.png', NULL, NULL, 1, 0, '', '', '', '', '', '', NULL, NULL),
(36, NULL, 'E_5_M_ANDRES_ELOY_BLANCO', '$2y$10$BEWrCmSZ.o5GPYTc8xF8e.2skNMibz7iRFspoGRhXzNeK/0kgJh7u', 3, 5, 12, NULL, NULL, NULL, NULL, NULL, NULL, NULL, 'fototemp.png', NULL, NULL, 1, 0, '', '', '', '', '', '', NULL, NULL),
(37, NULL, 'E_5_M_ARISMENDI', '$2y$10$vcYmpUbRMHvQ1R6fiMuYwu1MBln6iFHm0qW82I0ZEmyvvtauO.dja', 3, 5, 1, NULL, NULL, NULL, NULL, NULL, NULL, NULL, 'fototemp.png', NULL, NULL, 1, 0, '', '', '', '', '', '', NULL, NULL),
(38, NULL, 'E_5_M_BOLIVAR', '$2y$10$AcE/FcsollAELuOjGPrrsujSPq4x1xhRU2z1p.pPF1qJE22e/wLaC', 3, 5, 3, NULL, NULL, NULL, NULL, NULL, NULL, NULL, 'fototemp.png', NULL, NULL, 1, 0, '', '', '', '', '', '', NULL, NULL),
(39, NULL, 'E_5_M_CRUZ_PAREDES', '$2y$10$hIy71xxYkX6tmOdUIp3r2utbRtsQu3/WORVcaPhrKxpMsaZjfyR3u', 3, 5, 11, NULL, NULL, NULL, NULL, NULL, NULL, NULL, 'fototemp.png', NULL, NULL, 1, 0, '', '', '', '', '', '', NULL, NULL),
(40, NULL, 'E_5_M_EZEQUIEL_ZAMORA', '$2y$10$rY7roMzlYKjMKQL15l5sCOrKlaqXVlv4UGcOE5OfFzIWfnl4Dj8Xi', 3, 5, 4, NULL, NULL, NULL, NULL, NULL, NULL, NULL, 'fototemp.png', NULL, NULL, 1, 0, '', '', '', '', '', '', NULL, NULL),
(41, NULL, 'E_5_M_OBISPOS', '$2y$10$43bc71QPFi4AO5MVObNckO1ELWBrEi.1KqBtPyUsfW4SwGOuMn1pi', 3, 5, 5, NULL, NULL, NULL, NULL, NULL, NULL, NULL, 'fototemp.png', NULL, NULL, 1, 0, '', '', '', '', '', '', NULL, NULL),
(42, NULL, 'E_5_M_PEDRAZA', '$2y$10$d0FYePSVVqgSHB7M4tPbW.KJOFt.iTikOYnButFuvgYvyl3qhU.L6', 3, 5, 6, NULL, NULL, NULL, NULL, NULL, NULL, NULL, 'fototemp.png', NULL, NULL, 1, 0, '', '', '', '', '', '', NULL, NULL),
(43, NULL, 'E_5_M_ROJAS', '$2y$10$0fJ6JVvCmR4SHJhe/wBiw.moxki7ZHwvblO0sIQbML7EGpgrnPvV.', 3, 5, 7, NULL, NULL, NULL, NULL, NULL, NULL, NULL, 'fototemp.png', NULL, NULL, 1, 0, '', '', '', '', '', '', NULL, NULL),
(44, NULL, 'E_5_M_SOSA', '$2y$10$u9Y6UypRIASFE1yc6XkWk.TUejbeywu8szD9lUnT22lYOOpDWOL2u', 3, 5, 8, NULL, NULL, NULL, NULL, NULL, NULL, NULL, 'fototemp.png', NULL, NULL, 1, 0, '', '', '', '', '', '', NULL, NULL),
(45, NULL, 'E_6_M_HERES', '$2y$10$cCG5d0PxGzc/cHhZL1NIquFvou5dfvPJvMnnw04xo66vhxVlURUty', 3, 6, 3, NULL, NULL, NULL, NULL, NULL, NULL, NULL, 'fototemp.png', NULL, NULL, 1, 0, '', '', '', '', '', '', NULL, NULL),
(46, NULL, 'E_6_M_BOLIVARIANO_ANGOSTURA', '$2y$10$v7pPpFvzTNfRJPTrDSZp.Oo1jlX509yWTCCssxFvHYD1Ur6uTYBNG', 3, 6, 8, NULL, NULL, NULL, NULL, NULL, NULL, NULL, 'fototemp.png', NULL, NULL, 1, 0, '', '', '', '', '', '', NULL, NULL),
(47, NULL, 'E_6_M_CARONI', '$2y$10$TVvWuFFeyRUTjQlpbXu4mOBf1kpWpGuJEHNapkWOZwaKv5c2mP2ly', 3, 6, 1, NULL, NULL, NULL, NULL, NULL, NULL, NULL, 'fototemp.png', NULL, NULL, 1, 0, '', '', '', '', '', '', NULL, NULL),
(48, NULL, 'E_6_M_CEDEÑO', '$2y$10$0Jcgyx/mqUh5Sut55GzHuOO.bBlohFg5iGr2.taWKnsnz3/ITTgGu', 3, 6, 2, NULL, NULL, NULL, NULL, NULL, NULL, NULL, 'fototemp.png', NULL, NULL, 1, 0, '', '', '', '', '', '', NULL, NULL),
(49, NULL, 'E_6_M_EL_CALLAO', '$2y$10$u5ue6tjA.AL5rIc7jsEMCeks3XH9873d5oeCM2N2qiOtPRwVV6NGu', 3, 6, 10, NULL, NULL, NULL, NULL, NULL, NULL, NULL, 'fototemp.png', NULL, NULL, 1, 0, '', '', '', '', '', '', NULL, NULL),
(50, NULL, 'E_6_M_GRAN_SABANA', '$2y$10$3FI6LWGDa1mIBzLlkgMmietB2OowsD9z/su.XAmxk5ngaQJREwVfi', 3, 6, 9, NULL, NULL, NULL, NULL, NULL, NULL, NULL, 'fototemp.png', NULL, NULL, 1, 0, '', '', '', '', '', '', NULL, NULL),
(51, NULL, 'E_6_M_PADRE_PEDRO_CHIEN', '$2y$10$AHs07jCx6Z1TLhluljnH0OMw1mv.CnXelTnX3jC0bsqFnonI6tp3C', 3, 6, 11, NULL, NULL, NULL, NULL, NULL, NULL, NULL, 'fototemp.png', NULL, NULL, 1, 0, '', '', '', '', '', '', NULL, NULL),
(52, NULL, 'E_6_M_PIAR', '$2y$10$UeqSDLRjQleoTkboFjVdvutm65cq9G8KeFLzo7bB/luKFvaXBNo3y', 3, 6, 4, NULL, NULL, NULL, NULL, NULL, NULL, NULL, 'fototemp.png', NULL, NULL, 1, 0, '', '', '', '', '', '', NULL, NULL),
(53, NULL, 'E_6_M_ROSCIO', '$2y$10$O3XToBlq/C51Xk6frY.4kuicDHKM0ZpNvIhOzRvQmn.33DVQf3Wg6', 3, 6, 5, NULL, NULL, NULL, NULL, NULL, NULL, NULL, 'fototemp.png', NULL, NULL, 1, 0, '', '', '', '', '', '', NULL, NULL),
(54, NULL, 'E_6_M_SIFONTES', '$2y$10$rvlZv8IupqL9Fe0/zkPbhuPad3alHlaUK18d5sWOwAWA2cYvpTcIO', 3, 6, 7, NULL, NULL, NULL, NULL, NULL, NULL, NULL, 'fototemp.png', NULL, NULL, 1, 0, '', '', '', '', '', '', NULL, NULL),
(55, NULL, 'E_6_M_SUCRE', '$2y$10$8pTDbH3S9xNTQ3METJpGVuEGZHkJ4mQ3zKk5ETp.ab96UN4.v.QnG', 3, 6, 6, NULL, NULL, NULL, NULL, NULL, NULL, NULL, 'fototemp.png', NULL, NULL, 1, 0, '', '', '', '', '', '', NULL, NULL),
(56, NULL, 'E_11_M_IRIBARREN', '$2y$10$T9MiAh1kJ2D/e1XxbKBgHexk1xaxHVnOmpKMDuuRsswpb3jQKZp9G', 3, 11, 2, NULL, NULL, NULL, NULL, NULL, NULL, NULL, 'fototemp.png', NULL, NULL, 1, 0, '', '', '', '', '', '', NULL, NULL),
(57, NULL, 'E_11_M_ANDRES_ELOY_BLANCO', '$2y$10$dcTW9WioUpd0dlhY1tQtBO/QQ2isnY9j8uRIbpJlI7k8Pp9zfPHH6', 3, 11, 8, NULL, NULL, NULL, NULL, NULL, NULL, NULL, 'fototemp.png', NULL, NULL, 1, 0, '', '', '', '', '', '', NULL, NULL),
(58, NULL, 'E_11_M_CRESPO', '$2y$10$qLS0cPXeGei1G4lTGESikuiUnFvqLtxDwiJ2nab8w7cd4R8ouMMtK', 3, 11, 1, NULL, NULL, NULL, NULL, NULL, NULL, NULL, 'fototemp.png', NULL, NULL, 1, 0, '', '', '', '', '', '', NULL, NULL),
(59, NULL, 'E_11_M_JIMENEZ', '$2y$10$eD1dPqtXslFzylqWe5Luuu.3bPa41oR8x4IprZQsMxcqkOywLtfZ2', 3, 11, 3, NULL, NULL, NULL, NULL, NULL, NULL, NULL, 'fototemp.png', NULL, NULL, 1, 0, '', '', '', '', '', '', NULL, NULL),
(60, NULL, 'E_11_M_MORAN', '$2y$10$5YNRa7Ux3OcHDvMvdcB0qOIsgK2E8OhpLtsMgG6PunUKra.SRma6O', 3, 11, 4, NULL, NULL, NULL, NULL, NULL, NULL, NULL, 'fototemp.png', NULL, NULL, 1, 0, '', '', '', '', '', '', NULL, NULL),
(61, NULL, 'E_11_M_PALAVECINO', '$2y$10$wvfFwN/Ik92qPMO.HJGFx.eg5XU7SHMK3vGSuvrnVGzyxpASL/6Ge', 3, 11, 5, NULL, NULL, NULL, NULL, NULL, NULL, NULL, 'fototemp.png', NULL, NULL, 1, 0, '', '', '', '', '', '', NULL, NULL),
(62, NULL, 'E_11_M_SIMON_PLANAS', '$2y$10$NKCeT6o9DUo/oAGUGy6j8.k7l/dgeAKWylelZpUcb4brOaonypFKO', 3, 11, 9, NULL, NULL, NULL, NULL, NULL, NULL, NULL, 'fototemp.png', NULL, NULL, 1, 0, '', '', '', '', '', '', NULL, NULL),
(63, NULL, 'E_11_M_TORRES', '$2y$10$GedkSnz5mesTaEF5VU3/KeE57gb9y0QavxApFSPOjhGBASbFGDou2', 3, 11, 6, NULL, NULL, NULL, NULL, NULL, NULL, NULL, 'fototemp.png', NULL, NULL, 1, 0, '', '', '', '', '', '', NULL, NULL),
(64, NULL, 'E_11_M_URDANETA', '$2y$10$ZmaR7EVwcGbKApqz6URqL.z4gfx.g0OaaGUKPbCZUIk7RJt0g7JxC', 3, 11, 7, NULL, NULL, NULL, NULL, NULL, NULL, NULL, 'fototemp.png', NULL, NULL, 1, 0, '', '', '', '', '', '', NULL, NULL),
(65, NULL, 'E_22_M_ATURES', '$2y$10$Q8rSstaN5TUgUmPRN8Fsm.RgPMd9lMQnYRpt.y1bWNlJSwyPFCzZe', 3, 22, 1, NULL, NULL, NULL, NULL, NULL, NULL, NULL, 'fototemp.png', NULL, NULL, 1, 0, '', '', '', '', '', '', NULL, NULL),
(66, NULL, 'E_22_M_ALTO_ORINOCO', '$2y$10$uG7FDK3QgX95UM6nHSHIleTSdizSxQjzZPUIQTj351COV4T33svwG', 3, 22, 7, NULL, NULL, NULL, NULL, NULL, NULL, NULL, 'fototemp.png', NULL, NULL, 1, 0, '', '', '', '', '', '', NULL, NULL),
(67, NULL, 'E_22_M_ATABAPO', '$2y$10$WIgpTxL7F4cwIKIC4.M/peJybdxMe6W0dq1gBbKh7P55N1.Cz1msy', 3, 22, 2, NULL, NULL, NULL, NULL, NULL, NULL, NULL, 'fototemp.png', NULL, NULL, 1, 0, '', '', '', '', '', '', NULL, NULL),
(68, NULL, 'E_22_M_AUTANA', '$2y$10$9ECyKbvAyosu/s0o4e6qP.gxleUZfvXyKsC0TnE7awiuWX8J5QdCG', 3, 22, 5, NULL, NULL, NULL, NULL, NULL, NULL, NULL, 'fototemp.png', NULL, NULL, 1, 0, '', '', '', '', '', '', NULL, NULL),
(69, NULL, 'E_22_M_MANAPIARE', '$2y$10$5LM7ELI1fXIrF3OmRiq/D.WzDYnDzTNSoJfA2mFk3.tzegnSjL1sO', 3, 22, 6, NULL, NULL, NULL, NULL, NULL, NULL, NULL, 'fototemp.png', NULL, NULL, 1, 0, '', '', '', '', '', '', NULL, NULL),
(70, NULL, 'E_22_M_MAROA', '$2y$10$WLM8tt4goZ1vv0QzRhJQv.pGKu3hDnQmc5MO4PoBMj20qOImSnRn6', 3, 22, 3, NULL, NULL, NULL, NULL, NULL, NULL, NULL, 'fototemp.png', NULL, NULL, 1, 0, '', '', '', '', '', '', NULL, NULL),
(71, NULL, 'E_22_M_RIO_NEGRO', '$2y$10$anLFvn8ClEW9l3Qa3/B7weiuA7awLRQmIltIRmDNWHbOY9gICOTE.', 3, 22, 4, NULL, NULL, NULL, NULL, NULL, NULL, NULL, 'fototemp.png', NULL, NULL, 1, 0, '', '', '', '', '', '', NULL, NULL),
(72, NULL, 'E_2_M_BOLIVAR', '$2y$10$9XhRi2QUa/dvNv.MRQmYJepuwtzIdHCtsJBEPnZTX1Eh2ebk6.Cya', 3, 2, 3, NULL, NULL, NULL, NULL, NULL, NULL, NULL, 'fototemp.png', NULL, NULL, 1, 0, '', '', '', '', '', '', NULL, NULL),
(73, NULL, 'E_2_M_ANACO', '$2y$10$L2c.D7GA5bO3G.nspBHn4.xwLMc./i5QosdVq1l.Ypft7vtmWN5qW', 3, 2, 1, NULL, NULL, NULL, NULL, NULL, NULL, NULL, 'fototemp.png', NULL, NULL, 1, 0, '', '', '', '', '', '', NULL, NULL),
(74, NULL, 'E_2_M_ARAGUA', '$2y$10$vUfCHvkPYw7PTCFFrPUM4OQd0JK2i9PJFeWU7LvQ7f6.dxJ2tmfn6', 3, 2, 2, NULL, NULL, NULL, NULL, NULL, NULL, NULL, 'fototemp.png', NULL, NULL, 1, 0, '', '', '', '', '', '', NULL, NULL),
(75, NULL, 'E_2_M_BRUZUAL', '$2y$10$3luI12QzYC.29OSoNL5FsOEwxmgbjP.JrrL5B5lnZNW0mUC3Salzq', 3, 2, 4, NULL, NULL, NULL, NULL, NULL, NULL, NULL, 'fototemp.png', NULL, NULL, 1, 0, '', '', '', '', '', '', NULL, NULL),
(76, NULL, 'E_2_M_CAJIGAL', '$2y$10$TOtKPDlxCSVHp1q4yEyGauETNGOPgmPhxa7lPovYcLfv/e0A7fsqS', 3, 2, 5, NULL, NULL, NULL, NULL, NULL, NULL, NULL, 'fototemp.png', NULL, NULL, 1, 0, '', '', '', '', '', '', NULL, NULL),
(77, NULL, 'E_2_M_CARVAJAL', '$2y$10$JoaGvzKgRWhRgqKijIZBhOXI5eOthsnRz1Y.u.pQuQ/gVG8uDB28W', 3, 2, 18, NULL, NULL, NULL, NULL, NULL, NULL, NULL, 'fototemp.png', NULL, NULL, 1, 0, '', '', '', '', '', '', NULL, NULL),
(78, NULL, 'E_2_M_FREITES', '$2y$10$j6dU7.Uh3Q.j7.uUd8Gk1O86JAQV.oqMjAhUR5lzaFS4PMUjd03yW', 3, 2, 6, NULL, NULL, NULL, NULL, NULL, NULL, NULL, 'fototemp.png', NULL, NULL, 1, 0, '', '', '', '', '', '', NULL, NULL),
(79, NULL, 'E_2_M_GUANIPA', '$2y$10$oHNt6nfOYvkbbPltjkTwl.QVbRozszDAcholNxJMapfJigjtI.U.K', 3, 2, 14, NULL, NULL, NULL, NULL, NULL, NULL, NULL, 'fototemp.png', NULL, NULL, 1, 0, '', '', '', '', '', '', NULL, NULL),
(80, NULL, 'E_2_M_GUANTA', '$2y$10$Ie5PaG8s.0W25BsDor6QNezasotA1GuBMg.9nA9KpQANlQCrngH7.', 3, 2, 15, NULL, NULL, NULL, NULL, NULL, NULL, NULL, 'fototemp.png', NULL, NULL, 1, 0, '', '', '', '', '', '', NULL, NULL),
(81, NULL, 'E_2_M_INDEPENDENCIA', '$2y$10$341e/NYYUDUG9pY0rdSvSuxYEpXaTkSPanmNZ5udrSqEoNEiVHqzu', 3, 2, 7, NULL, NULL, NULL, NULL, NULL, NULL, NULL, 'fototemp.png', NULL, NULL, 1, 0, '', '', '', '', '', '', NULL, NULL),
(82, NULL, 'E_2_M_L/DIEGO_BAUTISTA', '$2y$10$ev79xu0cl9LBYCqjKmf5H..clkJhp/JEWHlxzTfUcIH1spzyTcYJS', 3, 2, 17, NULL, NULL, NULL, NULL, NULL, NULL, NULL, 'fototemp.png', NULL, NULL, 1, 0, '', '', '', '', '', '', NULL, NULL),
(83, NULL, 'E_2_M_LIBERTAD', '$2y$10$g6TMVkpY/10pxG7RSCeb9evJ1YvfNjwt8pbsKXyQxFsipYs0EHa16', 3, 2, 8, NULL, NULL, NULL, NULL, NULL, NULL, NULL, 'fototemp.png', NULL, NULL, 1, 0, '', '', '', '', '', '', NULL, NULL),
(84, NULL, 'E_2_M_MC_GREGOR', '$2y$10$pn8S0JxzdkAASftrmexnKOMv3T31hkezBivIP2RWUMsL/1ehkG9p2', 3, 2, 20, NULL, NULL, NULL, NULL, NULL, NULL, NULL, 'fototemp.png', NULL, NULL, 1, 0, '', '', '', '', '', '', NULL, NULL),
(85, NULL, 'E_2_M_MIRANDA', '$2y$10$8QG8WKOz6WXJ5OU1dbDuze85xpPyFNrDsWfJ3WDo7GYV4ImrMoiVC', 3, 2, 9, NULL, NULL, NULL, NULL, NULL, NULL, NULL, 'fototemp.png', NULL, NULL, 1, 0, '', '', '', '', '', '', NULL, NULL),
(86, NULL, 'E_2_M_MONAGAS', '$2y$10$uOjTo80/qefloPzBgUfe9Ok8WbJo4LuFj0k1IwRpVzJY0EdwlNUHK', 3, 2, 10, NULL, NULL, NULL, NULL, NULL, NULL, NULL, 'fototemp.png', NULL, NULL, 1, 0, '', '', '', '', '', '', NULL, NULL),
(87, NULL, 'E_2_M_PEÑALVER', '$2y$10$BZjJpktUkYkpU6NwVQX6N.bViHDgWoZRHK3CCWOeJ9DC6H7voYoFy', 3, 2, 11, NULL, NULL, NULL, NULL, NULL, NULL, NULL, 'fototemp.png', NULL, NULL, 1, 0, '', '', '', '', '', '', NULL, NULL),
(88, NULL, 'E_2_M_PIRITU', '$2y$10$.tekwerx.cUnQnwdtUIQGOuuZwHJgUyecaXdpGC4jEsZbKox8Nx1a', 3, 2, 16, NULL, NULL, NULL, NULL, NULL, NULL, NULL, 'fototemp.png', NULL, NULL, 1, 0, '', '', '', '', '', '', NULL, NULL),
(89, NULL, 'E_2_M_SANTA_ANA', '$2y$10$7hBIewA4oIsMXjtKhIngMek/Ad9dT/Jt3ipIUeCz6IP56zx8ugcU2', 3, 2, 19, NULL, NULL, NULL, NULL, NULL, NULL, NULL, 'fototemp.png', NULL, NULL, 1, 0, '', '', '', '', '', '', NULL, NULL),
(90, NULL, 'E_2_M_SIMON_RODRIGUEZ', '$2y$10$1tOdJ9Cv94GYyPdRsYHv7OwZZMRN1FGgSLemX2tGiYNvtt9rHkAjS', 3, 2, 12, NULL, NULL, NULL, NULL, NULL, NULL, NULL, 'fototemp.png', NULL, NULL, 1, 0, '', '', '', '', '', '', NULL, NULL),
(91, NULL, 'E_2_M_S_JUAN_CAPISTRANO', '$2y$10$ngfP0fc16LdDh0qawkSEVulBjZVGEKkYFCAZ2W4yFmMgQzMnVA.Y.', 3, 2, 21, NULL, NULL, NULL, NULL, NULL, NULL, NULL, 'fototemp.png', NULL, NULL, 1, 0, '', '', '', '', '', '', NULL, NULL),
(92, NULL, 'E_2_M_SOTILLO', '$2y$10$pbjRBL2iasB6moNI4ROxQuyRe28P3fasMcMiccS2yxB6VD7QGT4u.', 3, 2, 13, NULL, NULL, NULL, NULL, NULL, NULL, NULL, 'fototemp.png', NULL, NULL, 1, 0, '', '', '', '', '', '', NULL, NULL),
(93, NULL, 'E_12_M_LIBERTADOR', '$2y$10$wb5SCy8yK4Ho8pHw48dXmOgxe.oEYNZh159ZOf8tgcdb0ENaMv0ae', 3, 12, 8, NULL, NULL, NULL, NULL, NULL, NULL, NULL, 'fototemp.png', NULL, NULL, 1, 0, '', '', '', '', '', '', NULL, NULL),
(94, NULL, 'E_12_M_ALBERTO_ADRIANI', '$2y$10$udVoBuUr2gmYjHYKpAktbOTHqjja5icIz5Ck/dt09i40NwWVrH3dG', 3, 12, 1, NULL, NULL, NULL, NULL, NULL, NULL, NULL, 'fototemp.png', NULL, NULL, 1, 0, '', '', '', '', '', '', NULL, NULL),
(95, NULL, 'E_12_M_ANDRES_BELLO', '$2y$10$W2tsitlcR2JPFJJwBy138e/njwdgCxIqnkJdUqI89pkINlmSTElGO', 3, 12, 2, NULL, NULL, NULL, NULL, NULL, NULL, NULL, 'fototemp.png', NULL, NULL, 1, 0, '', '', '', '', '', '', NULL, NULL),
(96, NULL, 'E_12_M_ANTONIO_PINTO_S', '$2y$10$d7PfQFE9EvW./YFVjItiyejaMionp3DwvbqNvbr1LevgPXA.wwLES', 3, 12, 11, NULL, NULL, NULL, NULL, NULL, NULL, NULL, 'fototemp.png', NULL, NULL, 1, 0, '', '', '', '', '', '', NULL, NULL),
(97, NULL, 'E_12_M_ARICAGUA', '$2y$10$d/BzJhwe6LpuvfyKKLrrRO8XRU79AEKVa.Ra2clMNCF5dmXiDEtTO', 3, 12, 22, NULL, NULL, NULL, NULL, NULL, NULL, NULL, 'fototemp.png', NULL, NULL, 1, 0, '', '', '', '', '', '', NULL, NULL),
(98, NULL, 'E_12_M_ARZOBISPO_CHACON', '$2y$10$Q7m/7E9L4WGPRs.ahtVhj.AZnrE/YFFQuxSk1fKH..WOjlX.2b3LO', 3, 12, 3, NULL, NULL, NULL, NULL, NULL, NULL, NULL, 'fototemp.png', NULL, NULL, 1, 0, '', '', '', '', '', '', NULL, NULL),
(99, NULL, 'E_12_M_CAMPO_ELIAS', '$2y$10$II3V5mNglOmx6OEJekustOnf.k5d6c3WcTQrX4ruczjS4hscxPRo.', 3, 12, 4, NULL, NULL, NULL, NULL, NULL, NULL, NULL, 'fototemp.png', NULL, NULL, 1, 0, '', '', '', '', '', '', NULL, NULL),
(100, NULL, 'E_12_M_CARACCIOLO_PARRA', '$2y$10$X.Ltb4/Prskp8JvaC5RdJeDyULC/5JO7jcI1qz0bNO8W/REtYEUPW', 3, 12, 13, NULL, NULL, NULL, NULL, NULL, NULL, NULL, 'fototemp.png', NULL, NULL, 1, 0, '', '', '', '', '', '', NULL, NULL),
(101, NULL, 'E_12_M_CARDENAL_QUINTERO', '$2y$10$BMts7LoztKOIMFomUZ1k4eUigBupOaVu9pr9Y963N8mUKCzEQ6may', 3, 12, 14, NULL, NULL, NULL, NULL, NULL, NULL, NULL, 'fototemp.png', NULL, NULL, 1, 0, '', '', '', '', '', '', NULL, NULL),
(102, NULL, 'E_12_M_GUARAQUE', '$2y$10$xI8OrX.9z0MRJVMS1b8vjuI1r.1hqHWUI2ZqylZZogRuVb1bBd7IO', 3, 12, 5, NULL, NULL, NULL, NULL, NULL, NULL, NULL, 'fototemp.png', NULL, NULL, 1, 0, '', '', '', '', '', '', NULL, NULL),
(103, NULL, 'E_12_M_JULIO_CESAR_SALAS', '$2y$10$G3zvyHqzJhbBj63trP04tusrU0aMdZXgsh.VyKSTyPikWNNUXn0/u', 3, 12, 6, NULL, NULL, NULL, NULL, NULL, NULL, NULL, 'fototemp.png', NULL, NULL, 1, 0, '', '', '', '', '', '', NULL, NULL),
(104, NULL, 'E_12_M_JUSTO_BRICEÑO', '$2y$10$MInFUiEWrG9cxrIbBX6NUOP1soWDsTtf862UG2ebI9/SLN5ybSVC2', 3, 12, 7, NULL, NULL, NULL, NULL, NULL, NULL, NULL, 'fototemp.png', NULL, NULL, 1, 0, '', '', '', '', '', '', NULL, NULL),
(105, NULL, 'E_12_M_MIRANDA', '$2y$10$5jmYt8pe4yLevkfUo4dZz.TX5HJUYQYTwrjlxVclclBDtYdi9SmWK', 3, 12, 10, NULL, NULL, NULL, NULL, NULL, NULL, NULL, 'fototemp.png', NULL, NULL, 1, 0, '', '', '', '', '', '', NULL, NULL),
(106, NULL, 'E_12_M_RAMOS_DE_LORA', '$2y$10$ubDkuUS9lNtI/jJ5acOJDOausGlZVRyF7fMOYFUrp/iBpOKcW7fwC', 3, 12, 12, NULL, NULL, NULL, NULL, NULL, NULL, NULL, 'fototemp.png', NULL, NULL, 1, 0, '', '', '', '', '', '', NULL, NULL),
(107, NULL, 'E_12_M_PADRE_NOGUERA', '$2y$10$P2gasOzJyIAotYrC725rze14ENubeV9hsweTtfVDY..dCSfTsPJpK', 3, 12, 21, NULL, NULL, NULL, NULL, NULL, NULL, NULL, 'fototemp.png', NULL, NULL, 1, 0, '', '', '', '', '', '', NULL, NULL),
(108, NULL, 'E_12_M_PUEBLO_LLANO', '$2y$10$w0x2EN1TnILJtzFVUsLrOelBSGepmEu4ZSXvhh/ddhSwyXg2S45j2', 3, 12, 15, NULL, NULL, NULL, NULL, NULL, NULL, NULL, 'fototemp.png', NULL, NULL, 1, 0, '', '', '', '', '', '', NULL, NULL),
(109, NULL, 'E_12_M_RANGEL', '$2y$10$HgO8aaohTdAmAugkq0zbDexQ7/nwM0BCDmOa7lhpDQrKXENR/ezaO', 3, 12, 16, NULL, NULL, NULL, NULL, NULL, NULL, NULL, 'fototemp.png', NULL, NULL, 1, 0, '', '', '', '', '', '', NULL, NULL),
(110, NULL, 'E_12_M_RIVAS_DAVILA', '$2y$10$fpAmzUoNJzEbyZdWlOWWNOPXEolFiJY8x8sn2yeMwZzjmZX.r6ULC', 3, 12, 17, NULL, NULL, NULL, NULL, NULL, NULL, NULL, 'fototemp.png', NULL, NULL, 1, 0, '', '', '', '', '', '', NULL, NULL),
(111, NULL, 'E_12_M_SANTOS_MARQUINA', '$2y$10$d7F1FMSBHoG/HD.xXQia6.Bb4TkDNoDUuMHl61xPhK3roEB9jYwPe', 3, 12, 9, NULL, NULL, NULL, NULL, NULL, NULL, NULL, 'fototemp.png', NULL, NULL, 1, 0, '', '', '', '', '', '', NULL, NULL),
(112, NULL, 'E_12_M_SUCRE', '$2y$10$KALJn/wblNwI9pLf73naRelPEyjh32ZTp0Cd5E8SH.ZD.MswQ9.fi', 3, 12, 18, NULL, NULL, NULL, NULL, NULL, NULL, NULL, 'fototemp.png', NULL, NULL, 1, 0, '', '', '', '', '', '', NULL, NULL),
(113, NULL, 'E_12_M_TOVAR', '$2y$10$okbrTanMuOXgmSa3B6zWMet6Rk1aC5dArhNIc761NsyV3j0eH8Nc2', 3, 12, 19, NULL, NULL, NULL, NULL, NULL, NULL, NULL, 'fototemp.png', NULL, NULL, 1, 0, '', '', '', '', '', '', NULL, NULL),
(114, NULL, 'E_12_M_TULIO_F_CORDERO', '$2y$10$mz7qCfLxIgTEG26SdcSccO5K0MpWgH1zjoI6OG2.Els/k1TM5ZIZi', 3, 12, 20, NULL, NULL, NULL, NULL, NULL, NULL, NULL, 'fototemp.png', NULL, NULL, 1, 0, '', '', '', '', '', '', NULL, NULL),
(115, NULL, 'E_12_M_ZEA', '$2y$10$g/H4UomgEBnYuW0WyQ5J4.UyDD76vxVxNTpMa7GqGkdrMZcNXpV7y', 3, 12, 23, NULL, NULL, NULL, NULL, NULL, NULL, NULL, 'fototemp.png', NULL, NULL, 1, 0, '', '', '', '', '', '', NULL, NULL),
(116, NULL, 'E_18_M_SAN_CRISTOBAL', '$2y$10$NmDJ56y9QTlMVK5xSqCz9u2JSjJGp1uxqHapsXDI9wSXL4iMPPdnS', 3, 18, 8, NULL, NULL, NULL, NULL, NULL, NULL, NULL, 'fototemp.png', NULL, NULL, 1, 0, '', '', '', '', '', '', NULL, NULL),
(117, NULL, 'E_18_M_ANDRES_BELLO', '$2y$10$IzFL0vps5ANXhsBjzXahn.Kyo5EodxXZtoycVSIJW1NF.zPwA8RVK', 3, 18, 18, NULL, NULL, NULL, NULL, NULL, NULL, NULL, 'fototemp.png', NULL, NULL, 1, 0, '', '', '', '', '', '', NULL, NULL),
(118, NULL, 'E_18_M_ANTONIO_ROMULO_C', '$2y$10$ORxnTwUhbYzMsJz1Bdr2/eBdzAL23Of64JRfZw2L6bpbZjDc8IrMy', 3, 18, 23, NULL, NULL, NULL, NULL, NULL, NULL, NULL, 'fototemp.png', NULL, NULL, 1, 0, '', '', '', '', '', '', NULL, NULL),
(119, NULL, 'E_18_M_AYACUCHO', '$2y$10$gaSS5GTgQGNS1KsrHcokqeFXihgVBNaxVl7f/8xCIg/K6Dj12kVlW', 3, 18, 1, NULL, NULL, NULL, NULL, NULL, NULL, NULL, 'fototemp.png', NULL, NULL, 1, 0, '', '', '', '', '', '', NULL, NULL),
(120, NULL, 'E_18_M_BOLIVAR', '$2y$10$mZqek9molMgNSQCqlLWfN.GYjTV3S5m.nin8KnWxIarZy4YCUQR52', 3, 18, 2, NULL, NULL, NULL, NULL, NULL, NULL, NULL, 'fototemp.png', NULL, NULL, 1, 0, '', '', '', '', '', '', NULL, NULL),
(121, NULL, 'E_18_M_CARDENAS', '$2y$10$IddD6ynZr13hn7vFIMw96OabljgyD/njPdE.EVf0BNAKUAJc.mIam', 3, 18, 4, NULL, NULL, NULL, NULL, NULL, NULL, NULL, 'fototemp.png', NULL, NULL, 1, 0, '', '', '', '', '', '', NULL, NULL),
(122, NULL, 'E_18_M_CORDOBA', '$2y$10$87OFaO8q9Kq3tW4cCIK5Q.m4whG9kNW3ScASt/Xqi6B/8W9qe4dse', 3, 18, 10, NULL, NULL, NULL, NULL, NULL, NULL, NULL, 'fototemp.png', NULL, NULL, 1, 0, '', '', '', '', '', '', NULL, NULL),
(123, NULL, 'E_18_M_FCO_DE_MIRANDA', '$2y$10$Krtn4BHvjaHVakDzkQ3UquCNzJMketeuFxLTyVUTDGRlXBmONf5PW', 3, 18, 24, NULL, NULL, NULL, NULL, NULL, NULL, NULL, 'fototemp.png', NULL, NULL, 1, 0, '', '', '', '', '', '', NULL, NULL),
(124, NULL, 'E_18_M_FERNANDEZ_FEO', '$2y$10$64F.PaqV8mIk8n0pfVKENuZS5mDl2hceaLZ/nHaxCq8GpSumh3pDa', 3, 18, 19, NULL, NULL, NULL, NULL, NULL, NULL, NULL, 'fototemp.png', NULL, NULL, 1, 0, '', '', '', '', '', '', NULL, NULL),
(125, NULL, 'E_18_M_GARCIA_DE_HEVIA', '$2y$10$eBNEQ/cKodeGAxV5ZlNCVe93rr/NZetBdT7cesZ3Wy3VptV85a6em', 3, 18, 11, NULL, NULL, NULL, NULL, NULL, NULL, NULL, 'fototemp.png', NULL, NULL, 1, 0, '', '', '', '', '', '', NULL, NULL),
(126, NULL, 'E_18_M_GUASIMOS', '$2y$10$uSRwBSv1qgjz3J1LezbOr.QZZtKK2.AAeAnzKnCMWM0bGFzarD/c6', 3, 18, 12, NULL, NULL, NULL, NULL, NULL, NULL, NULL, 'fototemp.png', NULL, NULL, 1, 0, '', '', '', '', '', '', NULL, NULL),
(127, NULL, 'E_18_M_INDEPENDENCIA', '$2y$10$bPq6KWB5wYLfohsKta90EeNRai8aoqB5F/0a7/YXcJkfEBqIb0Glm', 3, 18, 3, NULL, NULL, NULL, NULL, NULL, NULL, NULL, 'fototemp.png', NULL, NULL, 1, 0, '', '', '', '', '', '', NULL, NULL),
(128, NULL, 'E_18_M_JAUREGUI', '$2y$10$6/ZicQju2kpK3whWm/ApdOs9dy1RaSoc9Rnv.VWUHzJwapNDp0ZV6', 3, 18, 5, NULL, NULL, NULL, NULL, NULL, NULL, NULL, 'fototemp.png', NULL, NULL, 1, 0, '', '', '', '', '', '', NULL, NULL),
(129, NULL, 'E_18_M_JOSE_MARIA_VARGA', '$2y$10$XuYGN296PkZ6SIY419AEf.c6Z8cTvNXfUwv6rhWfdtVWnQuglxp4O', 3, 18, 25, NULL, NULL, NULL, NULL, NULL, NULL, NULL, 'fototemp.png', NULL, NULL, 1, 0, '', '', '', '', '', '', NULL, NULL),
(130, NULL, 'E_18_M_JUNIN', '$2y$10$V.VJ9IHfZa3HME.7xfqIWueN1XpOWPDGGczFeJU3KflAe9UKm5CB2', 3, 18, 6, NULL, NULL, NULL, NULL, NULL, NULL, NULL, 'fototemp.png', NULL, NULL, 1, 0, '', '', '', '', '', '', NULL, NULL),
(131, NULL, 'E_18_M_LIBERTAD', '$2y$10$hnQqQmLPykkpTzT99Bbp2.gW.bw1hNeFoYytwKV.KhDGCaiBeX/d6', 3, 18, 20, NULL, NULL, NULL, NULL, NULL, NULL, NULL, 'fototemp.png', NULL, NULL, 1, 0, '', '', '', '', '', '', NULL, NULL),
(132, NULL, 'E_18_M_LIBERTADOR', '$2y$10$/fC3.Bdm3Fmm5BNqzliRv.BWcleQhMseGqaZ8ozDh7hkowh/kYZlS', 3, 18, 14, NULL, NULL, NULL, NULL, NULL, NULL, NULL, 'fototemp.png', NULL, NULL, 1, 0, '', '', '', '', '', '', NULL, NULL),
(133, NULL, 'E_18_M_LOBATERA', '$2y$10$AWqOBZ1KuGOU65N9RSa3MuOfuRLGGkR6deqz6EIs1k0sHv8OuR68G', 3, 18, 7, NULL, NULL, NULL, NULL, NULL, NULL, NULL, 'fototemp.png', NULL, NULL, 1, 0, '', '', '', '', '', '', NULL, NULL),
(134, NULL, 'E_18_M_MICHELENA', '$2y$10$VvkVAR73eIrusiFXJj8meucPUj/4vgSt/HWIkxpDCUJK3Fx8se8Yq', 3, 18, 13, NULL, NULL, NULL, NULL, NULL, NULL, NULL, 'fototemp.png', NULL, NULL, 1, 0, '', '', '', '', '', '', NULL, NULL),
(135, NULL, 'E_18_M_PANAMERICANO', '$2y$10$vRsmtwFDVTVnApYSJ4TkTeRzJdmCWTxokJiZTdyWqN73dk6Ltzapa', 3, 18, 15, NULL, NULL, NULL, NULL, NULL, NULL, NULL, 'fototemp.png', NULL, NULL, 1, 0, '', '', '', '', '', '', NULL, NULL),
(136, NULL, 'E_18_M_PEDRO_MARIA_UREÑA', '$2y$10$lTZKzn6fwQjpl0pTndOsKufiZfdjC3fUjoUCSN/lxZ0lQfkN3Jd3K', 3, 18, 16, NULL, NULL, NULL, NULL, NULL, NULL, NULL, 'fototemp.png', NULL, NULL, 1, 0, '', '', '', '', '', '', NULL, NULL),
(137, NULL, 'E_18_M_RAFAEL_URDANETA', '$2y$10$stvebrqxM0YvU0rQAxB1BeR43JuhwAV4pOx8UAa/u/OHFs3n67a1i', 3, 18, 26, NULL, NULL, NULL, NULL, NULL, NULL, NULL, 'fototemp.png', NULL, NULL, 1, 0, '', '', '', '', '', '', NULL, NULL),
(138, NULL, 'E_18_M_SAMUEL_MALDONADO', '$2y$10$eZBQyQOeqyCQxySqXsMNRe6.y3ijEWHo2GKUSILHtF/cyuF11eHPK', 3, 18, 21, NULL, NULL, NULL, NULL, NULL, NULL, NULL, 'fototemp.png', NULL, NULL, 1, 0, '', '', '', '', '', '', NULL, NULL),
(139, NULL, 'E_18_M_SAN_JUDAS_TADEO', '$2y$10$YLuYBs3fERNkAW9U.3W2CempJSdZMzoUPeAtux5MRKX3Sv89jnYBu', 3, 18, 29, NULL, NULL, NULL, NULL, NULL, NULL, NULL, 'fototemp.png', NULL, NULL, 1, 0, '', '', '', '', '', '', NULL, NULL),
(140, NULL, 'E_18_M_SEBORUCO', '$2y$10$LfW261Jj8v.8bQgVs27HzuzHVOl2hjeyONyTBCCGNsBNLlMwevDb2', 3, 18, 22, NULL, NULL, NULL, NULL, NULL, NULL, NULL, 'fototemp.png', NULL, NULL, 1, 0, '', '', '', '', '', '', NULL, NULL),
(141, NULL, 'E_18_M_SIMON_RODRIGUEZ', '$2y$10$ktrW.OHc.kvRtn5oAuPNyuvCX6DFrYokvbC4ksbpPd2mUrJd7zhx2', 3, 18, 27, NULL, NULL, NULL, NULL, NULL, NULL, NULL, 'fototemp.png', NULL, NULL, 1, 0, '', '', '', '', '', '', NULL, NULL),
(142, NULL, 'E_18_M_SUCRE', '$2y$10$KIZdTJfOuIAA5HDrma4PsenYMygCLN36YhIxs3gryumxXaknF767a', 3, 18, 17, NULL, NULL, NULL, NULL, NULL, NULL, NULL, 'fototemp.png', NULL, NULL, 1, 0, '', '', '', '', '', '', NULL, NULL),
(143, NULL, 'E_18_M_TORBES', '$2y$10$iWz49mMozyVMPFCiOLDPS.OSQs/DWRyAnOLCmUfekjH6ohvRnbdB6', 3, 18, 28, NULL, NULL, NULL, NULL, NULL, NULL, NULL, 'fototemp.png', NULL, NULL, 1, 0, '', '', '', '', '', '', NULL, NULL),
(144, NULL, 'E_18_M_URIBANTE', '$2y$10$6pHu107YLB5rlggvXtr9rOvEP0P1Pcs2GlgvlTmAYcAQz2zNmAonC', 3, 18, 9, NULL, NULL, NULL, NULL, NULL, NULL, NULL, 'fototemp.png', NULL, NULL, 1, 0, '', '', '', '', '', '', NULL, NULL),
(145, NULL, 'E_24_M_VARGAS', '$2y$10$4Pqbxq/QQqPYYAddGgVIJ.xI5ashgDieiAMRDyfPI2981Pdcjd//y', 3, 24, 1, NULL, NULL, NULL, NULL, NULL, NULL, NULL, 'fototemp.png', NULL, NULL, 1, 0, '', '', '', '', '', '', NULL, NULL),
(146, NULL, 'E_1_M_BLVNO_LIBERTADOR', '$2y$10$OUG1rhf2QcaA.2MpYII4Suo.D6HzVI1wKmrSQsMEvEwXvjKzri26i', 3, 1, 1, NULL, NULL, NULL, NULL, NULL, NULL, NULL, 'fototemp.png', NULL, NULL, 1, 0, '', '', '', '', '', '', NULL, NULL),
(147, NULL, 'E_7_M_BEJUMA', '$2y$10$sQ6SQKy9sO1l.ELRHQ.ftu3VCKhmySGcVYfXkH9/xsZXDTe1ZBMeW', 3, 7, 1, NULL, NULL, NULL, NULL, NULL, NULL, NULL, 'fototemp.png', NULL, NULL, 1, 0, '', '', '', '', '', '', NULL, NULL),
(148, NULL, 'E_7_M_CARLOS_ARVELO', '$2y$10$jBnyLCNV3aWIAbtms2AxFeHhelwGGq84HGvOT4kw0eJw3kRMvfbCO', 3, 7, 2, NULL, NULL, NULL, NULL, NULL, NULL, NULL, 'fototemp.png', NULL, NULL, 1, 0, '', '', '', '', '', '', NULL, NULL),
(149, NULL, 'E_7_M_DIEGO_IBARRA', '$2y$10$yE6UgY/YlXymXboOVT6fluB4uUy6RnwdDVOiOXyx01kC.Xqi3Tswi', 3, 7, 3, NULL, NULL, NULL, NULL, NULL, NULL, NULL, 'fototemp.png', NULL, NULL, 1, 0, '', '', '', '', '', '', NULL, NULL),
(150, NULL, 'E_7_M_GUACARA', '$2y$10$YX6qDCDuMjy7hNzkBmhF8.blKiQubGTMSdZY0yiihvEpqaIawH7pu', 3, 7, 4, NULL, NULL, NULL, NULL, NULL, NULL, NULL, 'fototemp.png', NULL, NULL, 1, 0, '', '', '', '', '', '', NULL, NULL),
(151, NULL, 'E_7_M_MONTALVAN', '$2y$10$xwvmZWvgPoKVBMGmFO3QouQLTVmc9of3VBlktWVde0vGnvaQUWHDu', 3, 7, 5, NULL, NULL, NULL, NULL, NULL, NULL, NULL, 'fototemp.png', NULL, NULL, 1, 0, '', '', '', '', '', '', NULL, NULL),
(152, NULL, 'E_7_M_JUAN_JOSE_MORA', '$2y$10$aJVLP6HpgtTkppo5n04v.OWKpYY3OtG938cwKfi24ZhD6lAFJgwEe', 3, 7, 6, NULL, NULL, NULL, NULL, NULL, NULL, NULL, 'fototemp.png', NULL, NULL, 1, 0, '', '', '', '', '', '', NULL, NULL),
(153, NULL, 'E_7_M_PUERTO_CABELLO', '$2y$10$uMB.B1PZ8x9HBv0OUX.9NODnmx1e0OZd6LEaTF/06TgWPowuCMKZW', 3, 7, 7, NULL, NULL, NULL, NULL, NULL, NULL, NULL, 'fototemp.png', NULL, NULL, 1, 0, '', '', '', '', '', '', NULL, NULL),
(154, NULL, 'E_7_M_SAN_JOAQUIN', '$2y$10$O/p1ZA5/1YDeqfaPu3KlI.jCVszjK2AS2Q9ShkSVrLmq7AxLVhTlG', 3, 7, 8, NULL, NULL, NULL, NULL, NULL, NULL, NULL, 'fototemp.png', NULL, NULL, 1, 0, '', '', '', '', '', '', NULL, NULL),
(155, NULL, 'E_7_M_VALENCIA', '$2y$10$CYIW9//agY2M/Akvocs.NuKyzdjdv1m6In9DUtrOillINJjpcU34y', 3, 7, 9, NULL, NULL, NULL, NULL, NULL, NULL, NULL, 'fototemp.png', NULL, NULL, 1, 0, '', '', '', '', '', '', NULL, NULL),
(156, NULL, 'E_7_M_MIRANDA', '$2y$10$tocx1yUFRvMMVclicmeCrOKJ7T0.SlpER4QF.7wXrsrHNQkcIkfpi', 3, 7, 10, NULL, NULL, NULL, NULL, NULL, NULL, NULL, 'fototemp.png', NULL, NULL, 1, 0, '', '', '', '', '', '', NULL, NULL),
(157, NULL, 'E_7_M_LOS_GUAYOS', '$2y$10$BcjusleIrWL8lUrUsYrnx.I/ruI4NrzdIizIkIv/tawRb8FWUazh6', 3, 7, 11, NULL, NULL, NULL, NULL, NULL, NULL, NULL, 'fototemp.png', NULL, NULL, 1, 0, '', '', '', '', '', '', NULL, NULL),
(158, NULL, 'E_7_M_NAGUANAGUA', '$2y$10$36/AHZvJhFWL3qmGbDTMN.qPqfzHhGdgNeYjU6AfQ/OI.NayNScDi', 3, 7, 12, NULL, NULL, NULL, NULL, NULL, NULL, NULL, 'fototemp.png', NULL, NULL, 1, 0, '', '', '', '', '', '', NULL, NULL),
(159, NULL, 'E_7_M_SAN_DIEGO', '$2y$10$UQg3K1qm5FhGZO53DpyrCOV.AILMVhhgV1bemARY9el/ArzlLUvRu', 3, 7, 13, NULL, NULL, NULL, NULL, NULL, NULL, NULL, 'fototemp.png', NULL, NULL, 1, 0, '', '', '', '', '', '', NULL, NULL),
(160, NULL, 'E_7_M_LIBERTADOR', '$2y$10$VRC834kDzVh6FwCUM3pzzugoOYAt9rBNuVRzTEvAKc94QtwQm0waq', 3, 7, 14, NULL, NULL, NULL, NULL, NULL, NULL, NULL, 'fototemp.png', NULL, NULL, 1, 0, '', '', '', '', '', '', NULL, NULL),
(161, NULL, 'E_8_M_ANZOATEGUI', '$2y$10$PHjr7YzJmJz8Y.0sGLef..WsC6TEzeWF//lt4nNuV23Clj8rL4j5m', 3, 8, 1, NULL, NULL, NULL, NULL, NULL, NULL, NULL, 'fototemp.png', NULL, NULL, 1, 0, '', '', '', '', '', '', NULL, NULL),
(162, NULL, 'E_8_M_TINAQUILLO', '$2y$10$2lLT08rJXKXgrx.Nawa9DeqzhmZwKmvi/2Pnk6.urjG9qcJSuOWYq', 3, 8, 2, NULL, NULL, NULL, NULL, NULL, NULL, NULL, 'fototemp.png', NULL, NULL, 1, 0, '', '', '', '', '', '', NULL, NULL),
(163, NULL, 'E_8_M_GIRARDOT', '$2y$10$7GSp/TisZNkXfWUwMuv5.eG4Mxly0Czhy27gaU4kwAul.Qk.fGX/a', 3, 8, 3, NULL, NULL, NULL, NULL, NULL, NULL, NULL, 'fototemp.png', NULL, NULL, 1, 0, '', '', '', '', '', '', NULL, NULL),
(164, NULL, 'E_8_M_PAO_S_J_BAUTISTA', '$2y$10$J5hS61Fufjsdnw9DxiX3QuDUjRUAUA74WWSEn3hvMFZVXvyKPLK2y', 3, 8, 4, NULL, NULL, NULL, NULL, NULL, NULL, NULL, 'fototemp.png', NULL, NULL, 1, 0, '', '', '', '', '', '', NULL, NULL),
(165, NULL, 'E_8_M_RICAURTE', '$2y$10$77r5SYsiPXLr5G9qCVTag.n3M9AlzSHc16/H/YjQx6.rP8qfCOc6i', 3, 8, 5, NULL, NULL, NULL, NULL, NULL, NULL, NULL, 'fototemp.png', NULL, NULL, 1, 0, '', '', '', '', '', '', NULL, NULL),
(166, NULL, 'E_8_M_EZEQUIEL_ZAMORA', '$2y$10$ebHNZHO7wqZfGigLJEshVexbiqRMOfmNHEyEfJ/moas/YWVtUwVTu', 3, 8, 6, NULL, NULL, NULL, NULL, NULL, NULL, NULL, 'fototemp.png', NULL, NULL, 1, 0, '', '', '', '', '', '', NULL, NULL),
(167, NULL, 'E_8_M_TINACO', '$2y$10$2sYqEMqAkF/iCncybLaiReTX0MOi64MKhGr4E.8YP5nAJm.V7agwO', 3, 8, 7, NULL, NULL, NULL, NULL, NULL, NULL, NULL, 'fototemp.png', NULL, NULL, 1, 0, '', '', '', '', '', '', NULL, NULL),
(168, NULL, 'E_8_M_LIMA_BLANCO', '$2y$10$klvi6xYi2jRp7M5dT4tVwOMsiCAHg2DJe5i3/Ob9bqF6Op5QyrJ6y', 3, 8, 8, NULL, NULL, NULL, NULL, NULL, NULL, NULL, 'fototemp.png', NULL, NULL, 1, 0, '', '', '', '', '', '', NULL, NULL),
(169, NULL, 'E_8_M_ROMULO_GALLEGOS', '$2y$10$HFvPPI/50.aZC4AIup8yGedhroGokQe4po2Ng9C6lMOu05kyxH23C', 3, 8, 9, NULL, NULL, NULL, NULL, NULL, NULL, NULL, 'fototemp.png', NULL, NULL, 1, 0, '', '', '', '', '', '', NULL, NULL),
(170, NULL, 'E_9_M_ACOSTA', '$2y$10$RLzIJ7yyCUTOvdJ.fPv3L.SZg0V1VGH504VMfh11/.qv0mDWcBR02', 3, 9, 1, NULL, NULL, NULL, NULL, NULL, NULL, NULL, 'fototemp.png', NULL, NULL, 1, 0, '', '', '', '', '', '', NULL, NULL),
(171, NULL, 'E_9_M_BOLIVAR', '$2y$10$63FHkP7uypAisPlE8JDvA.Q2e.Lci8mu.ITypQri8C0abSqAciNuW', 3, 9, 2, NULL, NULL, NULL, NULL, NULL, NULL, NULL, 'fototemp.png', NULL, NULL, 1, 0, '', '', '', '', '', '', NULL, NULL),
(172, NULL, 'E_9_M_BUCHIVACOA', '$2y$10$h0Dgnq/zrGt.M8uUOBHIue5aouiuyLCLNBqhKoUA.ol/gs3sL3.km', 3, 9, 3, NULL, NULL, NULL, NULL, NULL, NULL, NULL, 'fototemp.png', NULL, NULL, 1, 0, '', '', '', '', '', '', NULL, NULL),
(173, NULL, 'E_9_M_CARIRUBANA', '$2y$10$XHEBCrYdr1S5NsOrjJwulOkT/iWeb74n05twU5FowYVaYdY2Eeqde', 3, 9, 4, NULL, NULL, NULL, NULL, NULL, NULL, NULL, 'fototemp.png', NULL, NULL, 1, 0, '', '', '', '', '', '', NULL, NULL),
(174, NULL, 'E_9_M_COLINA', '$2y$10$TLAYN15rxM2iszYsirLfLu29sMnV7IV8ulxcByJ3stlnm70ijrF8S', 3, 9, 5, NULL, NULL, NULL, NULL, NULL, NULL, NULL, 'fototemp.png', NULL, NULL, 1, 0, '', '', '', '', '', '', NULL, NULL),
(175, NULL, 'E_9_M_DEMOCRACIA', '$2y$10$8fMYNAYhSwXuHImirSjiJOV0UfX2Jf1lhj0oxQkdB.1Mc.7HQeeGi', 3, 9, 6, NULL, NULL, NULL, NULL, NULL, NULL, NULL, 'fototemp.png', NULL, NULL, 1, 0, '', '', '', '', '', '', NULL, NULL),
(176, NULL, 'E_9_M_FALCON', '$2y$10$EeqWSHhgZLazrRsI5Jag4ePt5rFpPm.ocnwFq3ZMW2Uej/0jqM4Y6', 3, 9, 7, NULL, NULL, NULL, NULL, NULL, NULL, NULL, 'fototemp.png', NULL, NULL, 1, 0, '', '', '', '', '', '', NULL, NULL),
(177, NULL, 'E_9_M_FEDERACION', '$2y$10$mtmOmkSVPa3/PBm9/0.gQeigA5Ab7lL52BXp.hbdEW5bMD36ydwe2', 3, 9, 8, NULL, NULL, NULL, NULL, NULL, NULL, NULL, 'fototemp.png', NULL, NULL, 1, 0, '', '', '', '', '', '', NULL, NULL),
(178, NULL, 'E_9_M_MAUROA', '$2y$10$0CNYRNgdjJduZ5wpVD1b..ato.7u8FTfQrnBWQ.Vep2MNdhxt2vya', 3, 9, 9, NULL, NULL, NULL, NULL, NULL, NULL, NULL, 'fototemp.png', NULL, NULL, 1, 0, '', '', '', '', '', '', NULL, NULL),
(179, NULL, 'E_9_M_MIRANDA', '$2y$10$QLrIl8H7.xAlYfSeSpG0.OMclFLtB5X69r8gf3RZisID4jeZ.5COa', 3, 9, 10, NULL, NULL, NULL, NULL, NULL, NULL, NULL, 'fototemp.png', NULL, NULL, 1, 0, '', '', '', '', '', '', NULL, NULL),
(180, NULL, 'E_9_M_PETIT', '$2y$10$6GPRh.pI4KRgTF7fyfnPJ.YiseiridZaXciMm94LnkBWJVaZNnQg.', 3, 9, 11, NULL, NULL, NULL, NULL, NULL, NULL, NULL, 'fototemp.png', NULL, NULL, 1, 0, '', '', '', '', '', '', NULL, NULL),
(181, NULL, 'E_9_M_SILVA', '$2y$10$Q4lZ.92.3qnVJF5RvuSWheg5x3o0JZZKGMci87cxLRCEudLv786x2', 3, 9, 12, NULL, NULL, NULL, NULL, NULL, NULL, NULL, 'fototemp.png', NULL, NULL, 1, 0, '', '', '', '', '', '', NULL, NULL),
(182, NULL, 'E_9_M_ZAMORA', '$2y$10$ocUg5FqOBWrZNbExg0lHLuutUG2/Uwly/UZkFCv9iEKTBGN.3SXYe', 3, 9, 13, NULL, NULL, NULL, NULL, NULL, NULL, NULL, 'fototemp.png', NULL, NULL, 1, 0, '', '', '', '', '', '', NULL, NULL),
(183, NULL, 'E_9_M_DABAJURO', '$2y$10$idLmLz7vJXVDsVoRbQnkTuo.n4K99mTKfJGTRjw3emxq/dF51U1lm', 3, 9, 14, NULL, NULL, NULL, NULL, NULL, NULL, NULL, 'fototemp.png', NULL, NULL, 1, 0, '', '', '', '', '', '', NULL, NULL),
(184, NULL, 'E_9_M_MONS._ITURRIZA', '$2y$10$Uc77CUtjrM5XZyymytHePe8WROAqmpLbmxsGgsYKBIrrSxJtZbvUO', 3, 9, 15, NULL, NULL, NULL, NULL, NULL, NULL, NULL, 'fototemp.png', NULL, NULL, 1, 0, '', '', '', '', '', '', NULL, NULL),
(185, NULL, 'E_9_M_LOS_TAQUES', '$2y$10$9XQiC9/xWmKeLROPeYV9Wusmyef5IwODk06eiTYpOIDjYCnKVXTeG', 3, 9, 16, NULL, NULL, NULL, NULL, NULL, NULL, NULL, 'fototemp.png', NULL, NULL, 1, 0, '', '', '', '', '', '', NULL, NULL),
(186, NULL, 'E_9_M_PIRITU', '$2y$10$gq2XOO/YILrZlF6S3cOkh.7Qxu1gMYIWZbbBkYD01rTEg/CR..J8m', 3, 9, 17, NULL, NULL, NULL, NULL, NULL, NULL, NULL, 'fototemp.png', NULL, NULL, 1, 0, '', '', '', '', '', '', NULL, NULL),
(187, NULL, 'E_9_M_UNION', '$2y$10$ZyDRaN5K95EBgSRGG4FWDuDa4x4GVW0leBVSL8LoH9tLejvcq33mi', 3, 9, 18, NULL, NULL, NULL, NULL, NULL, NULL, NULL, 'fototemp.png', NULL, NULL, 1, 0, '', '', '', '', '', '', NULL, NULL),
(188, NULL, 'E_9_M_SAN_FRANCISCO', '$2y$10$xbxph9PKiWcAOZDL6hCS.enAj.xv3nM6wxFjin3bAspYgt70UtQMq', 3, 9, 19, NULL, NULL, NULL, NULL, NULL, NULL, NULL, 'fototemp.png', NULL, NULL, 1, 0, '', '', '', '', '', '', NULL, NULL),
(189, NULL, 'E_9_M_JACURA', '$2y$10$3sRSHPkYPlWvx70T46Pv/OyBUpz2WgMrD3D5z0AbOvWu8DFMzBd.i', 3, 9, 20, NULL, NULL, NULL, NULL, NULL, NULL, NULL, 'fototemp.png', NULL, NULL, 1, 0, '', '', '', '', '', '', NULL, NULL),
(190, NULL, 'E_9_M_CACIQUE_MANAURE', '$2y$10$Ysqei8Q8Z2TaiTLldQg9.Ord.WrV3rp9oQLIzOwNBgzVuD42TFYh6', 3, 9, 21, NULL, NULL, NULL, NULL, NULL, NULL, NULL, 'fototemp.png', NULL, NULL, 1, 0, '', '', '', '', '', '', NULL, NULL),
(191, NULL, 'E_9_M_PALMA_SOLA', '$2y$10$5M0BP6Axe6ZqCYqtx6vB5.Qi17QYCFzBIl9I1q4.vpDLrepi7N79i', 3, 9, 22, NULL, NULL, NULL, NULL, NULL, NULL, NULL, 'fototemp.png', NULL, NULL, 1, 0, '', '', '', '', '', '', NULL, NULL),
(192, NULL, 'E_9_M_SUCRE', '$2y$10$qBIIIS1Yqd9A0y4YQ9YtTeljMPIohBkyR1aOZxxkgoKbXZZNMPzse', 3, 9, 23, NULL, NULL, NULL, NULL, NULL, NULL, NULL, 'fototemp.png', NULL, NULL, 1, 0, '', '', '', '', '', '', NULL, NULL),
(193, NULL, 'E_9_M_URUMACO', '$2y$10$dLanjSyMF.kch.NkjlecZOVEaYNIu0MVjfTkfnSVWhgW7bxUEaCaK', 3, 9, 24, NULL, NULL, NULL, NULL, NULL, NULL, NULL, 'fototemp.png', NULL, NULL, 1, 0, '', '', '', '', '', '', NULL, NULL),
(194, NULL, 'E_9_M_TOCOPERO', '$2y$10$b0TPX/suK3hrCU.GFEmDy.C1H1Zbalfny.zTzJsZESaufRCdh2oj2', 3, 9, 25, NULL, NULL, NULL, NULL, NULL, NULL, NULL, 'fototemp.png', NULL, NULL, 1, 0, '', '', '', '', '', '', NULL, NULL),
(195, NULL, 'E_10_M_INFANTE', '$2y$10$qVn1ZRVi5damSv1IB7FaBeIDy40rlGBCEwVvBSF/Dd./MKfR77q6y', 3, 10, 1, NULL, NULL, NULL, NULL, NULL, NULL, NULL, 'fototemp.png', NULL, NULL, 1, 0, '', '', '', '', '', '', NULL, NULL),
(196, NULL, 'E_10_M_MELLADO', '$2y$10$GruUiQrXNlNAOxCe7P7aluMo0tdozfc1n14AS2gWk/873zj5.logy', 3, 10, 2, NULL, NULL, NULL, NULL, NULL, NULL, NULL, 'fototemp.png', NULL, NULL, 1, 0, '', '', '', '', '', '', NULL, NULL),
(197, NULL, 'E_10_M_MIRANDA', '$2y$10$Gxpmp2RNqd3n.BGonOA0zeEZw6.b83N2g3SU.vsBVj5izBK6GQWq2', 3, 10, 3, NULL, NULL, NULL, NULL, NULL, NULL, NULL, 'fototemp.png', NULL, NULL, 1, 0, '', '', '', '', '', '', NULL, NULL),
(198, NULL, 'E_10_M_MONAGAS', '$2y$10$JkqCZbnuq.KhHroHkdagXuSPA0P05NCI7xmkE.J0D0lBXiO/F4n2C', 3, 10, 4, NULL, NULL, NULL, NULL, NULL, NULL, NULL, 'fototemp.png', NULL, NULL, 1, 0, '', '', '', '', '', '', NULL, NULL),
(199, NULL, 'E_10_M_RIBAS', '$2y$10$MMGQ3fooX4j7cTvKpGKAneDFLYDAq6FB657BTElnxcauHbgf/Jgi6', 3, 10, 5, NULL, NULL, NULL, NULL, NULL, NULL, NULL, 'fototemp.png', NULL, NULL, 1, 0, '', '', '', '', '', '', NULL, NULL),
(200, NULL, 'E_10_M_ROSCIO', '$2y$10$AIgXQ/FGlMZc2uMhgARKLe31G5563Q0ZFNDhSzWiLcPPyFmsHNZeO', 3, 10, 6, NULL, NULL, NULL, NULL, NULL, NULL, NULL, 'fototemp.png', NULL, NULL, 1, 0, '', '', '', '', '', '', NULL, NULL),
(201, NULL, 'E_10_M_ZARAZA', '$2y$10$EAOuwr1E3IyKkpraebUwJ.KHnCmHAW8DYZi5ZzpT7T83.81rr/Vd.', 3, 10, 7, NULL, NULL, NULL, NULL, NULL, NULL, NULL, 'fototemp.png', NULL, NULL, 1, 0, '', '', '', '', '', '', NULL, NULL),
(202, NULL, 'E_10_M_CAMAGUAN', '$2y$10$3GzDwFp6LzzPML8.Vv35ROKOUQQWlDl/vw84Z9JOJeRO7AddWzNsy', 3, 10, 8, NULL, NULL, NULL, NULL, NULL, NULL, NULL, 'fototemp.png', NULL, NULL, 1, 0, '', '', '', '', '', '', NULL, NULL),
(203, NULL, 'E_10_M_S_JOSE_DE_GUARIBE', '$2y$10$n1rdfDem8Wy3MH1uRDP4neHw/F6xigD194crqvPq3JsVGmuKSYkhi', 3, 10, 9, NULL, NULL, NULL, NULL, NULL, NULL, NULL, 'fototemp.png', NULL, NULL, 1, 0, '', '', '', '', '', '', NULL, NULL),
(204, NULL, 'E_10_M_LAS_MERCEDES', '$2y$10$RhkFdVrJJ6VJLkD/dP/xC.KXWCVG7mQx3Kyq7wVaP2KnjapleIsyK', 3, 10, 10, NULL, NULL, NULL, NULL, NULL, NULL, NULL, 'fototemp.png', NULL, NULL, 1, 0, '', '', '', '', '', '', NULL, NULL),
(205, NULL, 'E_10_M_EL_SOCORRO', '$2y$10$.FxIbKUgStmEBJpYcrPQJOXTImJ8IcyDZWfIbOBOBV.tgA9SkI/7y', 3, 10, 11, NULL, NULL, NULL, NULL, NULL, NULL, NULL, 'fototemp.png', NULL, NULL, 1, 0, '', '', '', '', '', '', NULL, NULL),
(206, NULL, 'E_10_M_ORTIZ', '$2y$10$jB/2TeCrDLSKKVLZ6XlTyuXseLA1xxQVzfH6kES4o9f4nJzG6eUoq', 3, 10, 12, NULL, NULL, NULL, NULL, NULL, NULL, NULL, 'fototemp.png', NULL, NULL, 1, 0, '', '', '', '', '', '', NULL, NULL),
(207, NULL, 'E_10_M_S_MARIA_DE_IPIRE', '$2y$10$kkHgz6L0vyldXmEXd7iCkOufyydgcHXmeDPWweJMdi.KT5TLgh3n2', 3, 10, 13, NULL, NULL, NULL, NULL, NULL, NULL, NULL, 'fototemp.png', NULL, NULL, 1, 0, '', '', '', '', '', '', NULL, NULL),
(208, NULL, 'E_10_M_CHAGUARAMAS', '$2y$10$rEp9R.A5fRRba9RhnI.eWubRsOx.dcnWmejOOuzxg1zSl2ykOT56u', 3, 10, 14, NULL, NULL, NULL, NULL, NULL, NULL, NULL, 'fototemp.png', NULL, NULL, 1, 0, '', '', '', '', '', '', NULL, NULL),
(209, NULL, 'E_10_M_SAN_GERONIMO_DE_G', '$2y$10$cFNz99LyLbsuxMTnG2vKM.cJDxR2Yth6V6xb7AsILfv8iDooeJql6', 3, 10, 15, NULL, NULL, NULL, NULL, NULL, NULL, NULL, 'fototemp.png', NULL, NULL, 1, 0, '', '', '', '', '', '', NULL, NULL),
(210, NULL, 'E_23_M_TUCUPITA', '$2y$10$h9hFSOEazsetUDWZgH4KKO5VGsvTzAfu4OUHiDPdLkHNIf6LHpcqC', 3, 23, 1, NULL, NULL, NULL, NULL, NULL, NULL, NULL, 'fototemp.png', NULL, NULL, 1, 0, '', '', '', '', '', '', NULL, NULL),
(211, NULL, 'E_23_M_PEDERNALES', '$2y$10$aTu4rlBwnEphUaNjypEqQOLBsIEyQbDihu5tVUvh6tbBo9SEWb/DS', 3, 23, 2, NULL, NULL, NULL, NULL, NULL, NULL, NULL, 'fototemp.png', NULL, NULL, 1, 0, '', '', '', '', '', '', NULL, NULL),
(212, NULL, 'E_23_M_ANTONIO_DIAZ', '$2y$10$q5S1Efm/FwcNMrMzU1Spu.Em1aXxUfrM3D2NuFL0Yaru73gcNgzhy', 3, 23, 3, NULL, NULL, NULL, NULL, NULL, NULL, NULL, 'fototemp.png', NULL, NULL, 1, 0, '', '', '', '', '', '', NULL, NULL),
(213, NULL, 'E_23_M_CASACOIMA', '$2y$10$QcwdX5x31/KtI7oVQD957./jvEv/A2q0JYXTSSPZXtx4PUORgsndy', 3, 23, 4, NULL, NULL, NULL, NULL, NULL, NULL, NULL, 'fototemp.png', NULL, NULL, 1, 0, '', '', '', '', '', '', NULL, NULL),
(214, NULL, 'E_19_M_TRUJILLO', '$2y$10$eyBzUSC348dj9wY0/bhEfukvZxr/Zqd.ILd28r61horJ5Su3G.7pm', 3, 19, 5, NULL, NULL, NULL, NULL, NULL, NULL, NULL, 'fototemp.png', NULL, NULL, 1, 0, '', '', '', '', '', '', NULL, NULL),
(215, NULL, 'E_19_M_ANDRES_BELLO', '$2y$10$gSLia9hzOB4iO31mNoENvuPTedPB1QB/heUpn82oZXjxBKcYNlXfW', 3, 19, 15, NULL, NULL, NULL, NULL, NULL, NULL, NULL, 'fototemp.png', NULL, NULL, 1, 0, '', '', '', '', '', '', NULL, NULL),
(216, NULL, 'E_19_M_BOCONO', '$2y$10$FKtaOQzPEODUE.f/ind3K.ufEP.Ix7M8re0a5zW0u/4JmrN8Y4TsC', 3, 19, 2, NULL, NULL, NULL, NULL, NULL, NULL, NULL, 'fototemp.png', NULL, NULL, 1, 0, '', '', '', '', '', '', NULL, NULL),
(217, NULL, 'E_19_M_BOLIVAR', '$2y$10$EfrY/jryFNkCjIpWnywWzeOk8yj1xVI1.pE2CFRRPr9rqNvzUWNiu', 3, 19, 16, NULL, NULL, NULL, NULL, NULL, NULL, NULL, 'fototemp.png', NULL, NULL, 1, 0, '', '', '', '', '', '', NULL, NULL),
(218, NULL, 'E_19_M_CANDELARIA', '$2y$10$7GzbKJCCR7ur2v/o4mcX8.mIxm4xvZc98u7FnfZbVPeCO5nj8gaDa', 3, 19, 8, NULL, NULL, NULL, NULL, NULL, NULL, NULL, 'fototemp.png', NULL, NULL, 1, 0, '', '', '', '', '', '', NULL, NULL),
(219, NULL, 'E_19_M_CARACHE', '$2y$10$7BxMyL1VyKD0E1gzt7dXUe8hSr2tfFV6rRWtN/b36bQKbZNbMrfM.', 3, 19, 3, NULL, NULL, NULL, NULL, NULL, NULL, NULL, 'fototemp.png', NULL, NULL, 1, 0, '', '', '', '', '', '', NULL, NULL),
(220, NULL, 'E_19_M_ESCUQUE', '$2y$10$e3SMfRwRK6Q/Mv55mjVZGu.aTI1f/HhZxwOmQaTnzxsAdj2aA/SyK', 3, 19, 4, NULL, NULL, NULL, NULL, NULL, NULL, NULL, 'fototemp.png', NULL, NULL, 1, 0, '', '', '', '', '', '', NULL, NULL),
(221, NULL, 'E_19_M_JOSE_FELIPE_MARQUEZ_CAÑIZALEZ', '$2y$10$vNI8qMPBLZZQu/nxZ4n5oeWPvh/7yz1YQHgEIjOtHVxcCeWlApr0G', 3, 19, 17, NULL, NULL, NULL, NULL, NULL, NULL, NULL, 'fototemp.png', NULL, NULL, 1, 0, '', '', '', '', '', '', NULL, NULL),
(222, NULL, 'E_19_M_JUAN_VICENTE_CAMPO_ELIAS', '$2y$10$75yO/P661z8oJRS2ecju9eZfIhR8DGFrsKY9IdD.MV5gvGYrPhfSi', 3, 19, 18, NULL, NULL, NULL, NULL, NULL, NULL, NULL, 'fototemp.png', NULL, NULL, 1, 0, '', '', '', '', '', '', NULL, NULL),
(223, NULL, 'E_19_M_LA_CEIBA', '$2y$10$h1K2ByJ6Y4hseBoeSv41luUIixxIR/JnJmpo098uvPDrxYwGE.Pwm', 3, 19, 19, NULL, NULL, NULL, NULL, NULL, NULL, NULL, 'fototemp.png', NULL, NULL, 1, 0, '', '', '', '', '', '', NULL, NULL),
(224, NULL, 'E_19_M_MIRANDA', '$2y$10$SenA9aAZotBaAeFSJHtpG.ArzD1/B4w1sVJLTgi5FQbp4cMPf4zoe', 3, 19, 9, NULL, NULL, NULL, NULL, NULL, NULL, NULL, 'fototemp.png', NULL, NULL, 1, 0, '', '', '', '', '', '', NULL, NULL),
(225, NULL, 'E_19_M_MONTE_CARMELO', '$2y$10$28e9S/2pfdGnPfjkP2TSa.Cx/9czXpUgewII03gEYfSgcmcg6a94G', 3, 19, 10, NULL, NULL, NULL, NULL, NULL, NULL, NULL, 'fototemp.png', NULL, NULL, 1, 0, '', '', '', '', '', '', NULL, NULL),
(226, NULL, 'E_19_M_MOTATAN', '$2y$10$OvY8Q2eRxT.hR7gEfY4LCeEU9p39a1Jc/iP8TBhRrXJAlDI.8kjrK', 3, 19, 11, NULL, NULL, NULL, NULL, NULL, NULL, NULL, 'fototemp.png', NULL, NULL, 1, 0, '', '', '', '', '', '', NULL, NULL),
(227, NULL, 'E_19_M_PAMPAN', '$2y$10$7ot.BHMPE9en8U4GmuAQM.KzuzkaJWVyUOFtQLcSigzeFSTcid5aS', 3, 19, 12, NULL, NULL, NULL, NULL, NULL, NULL, NULL, 'fototemp.png', NULL, NULL, 1, 0, '', '', '', '', '', '', NULL, NULL),
(228, NULL, 'E_19_M_PAMPANITO', '$2y$10$/FnQ2ixgWPjy3rrg9uISuOt9oc/Jo1nrRQ8KcbhACYSAdDePrUQcm', 3, 19, 20, NULL, NULL, NULL, NULL, NULL, NULL, NULL, 'fototemp.png', NULL, NULL, 1, 0, '', '', '', '', '', '', NULL, NULL),
(229, NULL, 'E_19_M_RAFAEL_RANGEL', '$2y$10$iHUOW4Nz29fna145UDtDIuh6aDtAjX4S6uGumDrhU0nc.mSin1bPC', 3, 19, 1, NULL, NULL, NULL, NULL, NULL, NULL, NULL, 'fototemp.png', NULL, NULL, 1, 0, '', '', '', '', '', '', NULL, NULL),
(230, NULL, 'E_19_M_SAN_RAFAEL_CARVAJAL', '$2y$10$lNddUth9K/yODgBQM76NZeyD9hjQLcK6pWdBJxG58Lc1s419pfjDe', 3, 19, 13, NULL, NULL, NULL, NULL, NULL, NULL, NULL, 'fototemp.png', NULL, NULL, 1, 0, '', '', '', '', '', '', NULL, NULL);
INSERT INTO `users` (`id`, `cod_linea`, `usuario`, `password`, `perfil`, `estado`, `municipio`, `nacionalidad`, `cedula`, `nombre`, `apellido`, `telefono`, `email`, `direccion`, `foto`, `serial_cp`, `cod_cp`, `activo`, `password_activo`, `nac_lin`, `rif`, `nombre_linea`, `tipo_ruta`, `ruta`, `gremio`, `observaciones`, `qr`) VALUES
(231, NULL, 'E_19_M_SUCRE', '$2y$10$laUjyz6k6LV6Fl87VpRqweB3OiXf9glUvdyaHecPhQnAW81hgiUrW', 3, 19, 14, NULL, NULL, NULL, NULL, NULL, NULL, NULL, 'fototemp.png', NULL, NULL, 1, 0, '', '', '', '', '', '', NULL, NULL),
(232, NULL, 'E_19_M_URDANETA', '$2y$10$ibxb9PK.lMR4S0ioNYeJXuWnIOPEtSZfml4S9ulS86JDra2.El2NW', 3, 19, 6, NULL, NULL, NULL, NULL, NULL, NULL, NULL, 'fototemp.png', NULL, NULL, 1, 0, '', '', '', '', '', '', NULL, NULL),
(233, NULL, 'E_19_M_VALERA', '$2y$10$d1WF5Dh.aaf1HbNwJ574IuewFxE4ETNxRznC4xrbMerX1P0j.3wQS', 3, 19, 7, NULL, NULL, NULL, NULL, NULL, NULL, NULL, 'fototemp.png', NULL, NULL, 1, 0, '', '', '', '', '', '', NULL, NULL),
(234, NULL, 'E_20_M_BOLIVAR', '$2y$10$XVhKo2uWcuD/n.ySIMK.vOlROM.0f7jDBH/xrUeyax4hCcegirhqC', 3, 20, 1, NULL, NULL, NULL, NULL, NULL, NULL, NULL, 'fototemp.png', NULL, NULL, 1, 0, '', '', '', '', '', '', NULL, NULL),
(235, NULL, 'E_20_M_BRUZUAL', '$2y$10$3.YTln.XjGc/WwcowpiBH.egWi6G9wCUp/eAevBuIoScQrDaOAooi', 3, 20, 2, NULL, NULL, NULL, NULL, NULL, NULL, NULL, 'fototemp.png', NULL, NULL, 1, 0, '', '', '', '', '', '', NULL, NULL),
(236, NULL, 'E_20_M_NIRGUA', '$2y$10$.911kzG4lX.uf.oBedAee..dxXerkWiCiF6pqKpyPR9rvS9x14YCy', 3, 20, 3, NULL, NULL, NULL, NULL, NULL, NULL, NULL, 'fototemp.png', NULL, NULL, 1, 0, '', '', '', '', '', '', NULL, NULL),
(237, NULL, 'E_20_M_SAN_FELIPE', '$2y$10$ErvehULu7PZ/Kbk5.MK7quff0fXRVgWodhdH1IVzWGrX53XIxld5W', 3, 20, 4, NULL, NULL, NULL, NULL, NULL, NULL, NULL, 'fototemp.png', NULL, NULL, 1, 0, '', '', '', '', '', '', NULL, NULL),
(238, NULL, 'E_20_M_SUCRE', '$2y$10$HDnK9R20d7NBFMBIisBQoecupqku907Nqhh0fF/9Lsf82Kc8qC66e', 3, 20, 5, NULL, NULL, NULL, NULL, NULL, NULL, NULL, 'fototemp.png', NULL, NULL, 1, 0, '', '', '', '', '', '', NULL, NULL),
(239, NULL, 'E_20_M_URACHICHE', '$2y$10$GtDwXDrDyNd7QC05sMXnduH2i1Bex6F549NqEOVenzlhudNjuQKqO', 3, 20, 6, NULL, NULL, NULL, NULL, NULL, NULL, NULL, 'fototemp.png', NULL, NULL, 1, 0, '', '', '', '', '', '', NULL, NULL),
(240, NULL, 'E_20_M_PEÑA', '$2y$10$sNVFbLavpcRxpGYq7W25S.1Lsk8P2qSEwEm18wcYF.K8HvziGg9kC', 3, 20, 7, NULL, NULL, NULL, NULL, NULL, NULL, NULL, 'fototemp.png', NULL, NULL, 1, 0, '', '', '', '', '', '', NULL, NULL),
(241, NULL, 'E_20_M_JOSE_ANTONIO_PAEZ', '$2y$10$n7tj.F6bBLUt0/2dTf6Fd.j3n5XKvy3CgL9cPD1H6LwkVxbWLRa5i', 3, 20, 8, NULL, NULL, NULL, NULL, NULL, NULL, NULL, 'fototemp.png', NULL, NULL, 1, 0, '', '', '', '', '', '', NULL, NULL),
(242, NULL, 'E_20_M_LA_TRINIDAD', '$2y$10$qWZJzXo8MQULYmCKTb.zXO7NJDPK3rFaRehUsmEeb/IGhqMMjOv/6', 3, 20, 9, NULL, NULL, NULL, NULL, NULL, NULL, NULL, 'fototemp.png', NULL, NULL, 1, 0, '', '', '', '', '', '', NULL, NULL),
(243, NULL, 'E_20_M_COCOROTE', '$2y$10$VM0polpiEx.XkpZ3CFZWbuBvm3H6cIzlIR74dqj6xHxS79FDkhgU.', 3, 20, 10, NULL, NULL, NULL, NULL, NULL, NULL, NULL, 'fototemp.png', NULL, NULL, 1, 0, '', '', '', '', '', '', NULL, NULL),
(244, NULL, 'E_20_M_INDEPENDENCIA', '$2y$10$pMPd4OSdpJ299.yMuns0nemgTZqJ6eQc.GLGhUlvX3BVUT/Pu3fMe', 3, 20, 11, NULL, NULL, NULL, NULL, NULL, NULL, NULL, 'fototemp.png', NULL, NULL, 1, 0, '', '', '', '', '', '', NULL, NULL),
(245, NULL, 'E_20_M_ARISTIDES_BASTIDAS', '$2y$10$FSaKwyVGmiIhKf7RS12dXu9TvJHGySEfZGshcLvjt/k1bsPPl2.wO', 3, 20, 12, NULL, NULL, NULL, NULL, NULL, NULL, NULL, 'fototemp.png', NULL, NULL, 1, 0, '', '', '', '', '', '', NULL, NULL),
(246, NULL, 'E_20_M_MANUEL_MONGE', '$2y$10$WwYBJhEvl5nPaJ02d2u9jO05sWDXdKw3aSCnPfC2xMwUbu21AnknC', 3, 20, 13, NULL, NULL, NULL, NULL, NULL, NULL, NULL, 'fototemp.png', NULL, NULL, 1, 0, '', '', '', '', '', '', NULL, NULL),
(247, NULL, 'E_20_M_VEROES', '$2y$10$Nceav58kiHkc9Ljcj8Dne.2tXaCNljR/0dwyzOHApsG7xfX7SHk7e', 3, 20, 14, NULL, NULL, NULL, NULL, NULL, NULL, NULL, 'fototemp.png', NULL, NULL, 1, 0, '', '', '', '', '', '', NULL, NULL),
(248, NULL, 'E_21_M_BARALT', '$2y$10$dhChqndFzXTdLbNOJCypq.p0S96Hvte1Hh1XRRKIstIq5mGMk2RQ6', 3, 21, 1, NULL, NULL, NULL, NULL, NULL, NULL, NULL, 'fototemp.png', NULL, NULL, 1, 0, '', '', '', '', '', '', NULL, NULL),
(249, NULL, 'E_21_M_SANTA_RITA', '$2y$10$g8BSmWDIEyUOcXErDQGXXOCLF2q7jOlT6/puS1lxx58irjg6nlL5a', 3, 21, 2, NULL, NULL, NULL, NULL, NULL, NULL, NULL, 'fototemp.png', NULL, NULL, 1, 0, '', '', '', '', '', '', NULL, NULL),
(250, NULL, 'E_21_M_COLON', '$2y$10$9KZIAyJ51Cz.3uHpZ..Gw.rGaser4LfaQ7IEL0UGjJSw3d0lCT2y2', 3, 21, 3, NULL, NULL, NULL, NULL, NULL, NULL, NULL, 'fototemp.png', NULL, NULL, 1, 0, '', '', '', '', '', '', NULL, NULL),
(251, NULL, 'E_21_M_MARA', '$2y$10$Sl9nZ84nYPWL8sZIcgGjj.BgoHxJdoGxB/xZDtWGfasD5fsD7zMDu', 3, 21, 4, NULL, NULL, NULL, NULL, NULL, NULL, NULL, 'fototemp.png', NULL, NULL, 1, 0, '', '', '', '', '', '', NULL, NULL),
(252, NULL, 'E_21_M_MARACAIBO', '$2y$10$P5q7hK0d9BV6Cx3GmnsRfux9mXjbauD4YbsYsAiDELTaIS2YDuw3u', 3, 21, 5, NULL, NULL, NULL, NULL, NULL, NULL, NULL, 'fototemp.png', NULL, NULL, 1, 0, '', '', '', '', '', '', NULL, NULL),
(253, NULL, 'E_21_M_MIRANDA', '$2y$10$/pRXe/6viqRQXuK6wN1/U.fQifS/8yPrEDmc7W0SVSWhaXxk3jeli', 3, 21, 6, NULL, NULL, NULL, NULL, NULL, NULL, NULL, 'fototemp.png', NULL, NULL, 1, 0, '', '', '', '', '', '', NULL, NULL),
(254, NULL, 'E_21_M_BLVNO_GUAJIRA', '$2y$10$1LrI5MfoLXaBKSa33E01BeoIdCggSX/WsLfKQgAqubvo3tS.RDH.C', 3, 21, 7, NULL, NULL, NULL, NULL, NULL, NULL, NULL, 'fototemp.png', NULL, NULL, 1, 0, '', '', '', '', '', '', NULL, NULL),
(255, NULL, 'E_21_M_MACHIQUES_DE_PERIJA', '$2y$10$v7rKKX7GiqEV51w9ZdAln.DukPx8bnHviJ03s8lbZBfVS9Gk/rLuO', 3, 21, 8, NULL, NULL, NULL, NULL, NULL, NULL, NULL, 'fototemp.png', NULL, NULL, 1, 0, '', '', '', '', '', '', NULL, NULL),
(256, NULL, 'E_21_M_SUCRE', '$2y$10$s8.61nF/nhJK7u.XOW7W3eP7NYJ6N38kCPfw6rTZhirV6KCew9Pne', 3, 21, 9, NULL, NULL, NULL, NULL, NULL, NULL, NULL, 'fototemp.png', NULL, NULL, 1, 0, '', '', '', '', '', '', NULL, NULL),
(257, NULL, 'E_21_M_LA_CAÑADA_DE_URDANETA', '$2y$10$M3zc5dbOUuJ/xHArv/UHWeMs6SCWP1LKxwShLPuzNYMIl6U.EdSQi', 3, 21, 10, NULL, NULL, NULL, NULL, NULL, NULL, NULL, 'fototemp.png', NULL, NULL, 1, 0, '', '', '', '', '', '', NULL, NULL),
(258, NULL, 'E_21_M_LAGUNILLAS', '$2y$10$dx/uUOcxScS/lparmT8YYeoaOV8sjBaD7xg1BFNb4Y67uBaUuaTeG', 3, 21, 11, NULL, NULL, NULL, NULL, NULL, NULL, NULL, 'fototemp.png', NULL, NULL, 1, 0, '', '', '', '', '', '', NULL, NULL),
(259, NULL, 'E_21_M_CATATUMBO', '$2y$10$b2s.ESQkuAonXDdGVmKm3epctF3fpYDLQ5XLQhdiYoGqIVNMfAcAe', 3, 21, 12, NULL, NULL, NULL, NULL, NULL, NULL, NULL, 'fototemp.png', NULL, NULL, 1, 0, '', '', '', '', '', '', NULL, NULL),
(260, NULL, 'E_21_M_ROSARIO_DE_PERIJA', '$2y$10$GPvQWfC8YakQDHirF67Wi.mtnHROoeAu9fu2dl.PD7zmGRc4zG9Mq', 3, 21, 13, NULL, NULL, NULL, NULL, NULL, NULL, NULL, 'fototemp.png', NULL, NULL, 1, 0, '', '', '', '', '', '', NULL, NULL),
(261, NULL, 'E_21_M_CABIMAS', '$2y$10$waJhpFnMKNv.R5EyTDjWKux7P0E6js9cyHxx1HZSnLm.FGHiYov/q', 3, 21, 14, NULL, NULL, NULL, NULL, NULL, NULL, NULL, 'fototemp.png', NULL, NULL, 1, 0, '', '', '', '', '', '', NULL, NULL),
(262, NULL, 'E_21_M_VALMORE_RODRIGUEZ', '$2y$10$f.VMz11sEFaWCk93UGBnHec8arebRTj9jpVfcnan9fZ/oz3pSjpHu', 3, 21, 15, NULL, NULL, NULL, NULL, NULL, NULL, NULL, 'fototemp.png', NULL, NULL, 1, 0, '', '', '', '', '', '', NULL, NULL),
(263, NULL, 'E_21_M_JESUS_ENRIQUE_LOSSADA', '$2y$10$u4EpABOxLOnTQQ0Q2kxizOJWkZvqz1D/HrPFtsBZPeLP2UFWUKbqy', 3, 21, 16, NULL, NULL, NULL, NULL, NULL, NULL, NULL, 'fototemp.png', NULL, NULL, 1, 0, '', '', '', '', '', '', NULL, NULL),
(264, NULL, 'E_21_M_ALMIRANTE_PADILLA', '$2y$10$adLFJ3DxTV7N3YJHcWjYM.cJ0N8Jv7Nmer7z1Txt3OuFi/V5lvWUi', 3, 21, 17, NULL, NULL, NULL, NULL, NULL, NULL, NULL, 'fototemp.png', NULL, NULL, 1, 0, '', '', '', '', '', '', NULL, NULL),
(265, NULL, 'E_21_M_SAN_FRANCISCO', '$2y$10$0zEctzkGmeJqQA5djhhCpestU1Mrccr/DjyApMhSwPcz34.Hnrkfe', 3, 21, 18, NULL, NULL, NULL, NULL, NULL, NULL, NULL, 'fototemp.png', NULL, NULL, 1, 0, '', '', '', '', '', '', NULL, NULL),
(266, NULL, 'E_21_M_JESUS_MARIA_SEMPRUN', '$2y$10$gP6zJrygb6sjQb85V3L/OeXsTzBslKYeA84ud5JOOfjsEepPIq0n6', 3, 21, 19, NULL, NULL, NULL, NULL, NULL, NULL, NULL, 'fototemp.png', NULL, NULL, 1, 0, '', '', '', '', '', '', NULL, NULL),
(267, NULL, 'E_21_M_FRANCISCO_JAVIER_PULGAR', '$2y$10$jcbjkD8dJz9sBuHR03xmUe6xg0blLTj..SlTm.0LvAtH35tZJH25W', 3, 21, 20, NULL, NULL, NULL, NULL, NULL, NULL, NULL, 'fototemp.png', NULL, NULL, 1, 0, '', '', '', '', '', '', NULL, NULL),
(268, NULL, 'E_21_M_SIMON_BOLIVAR', '$2y$10$vPVd7XOZP3SM18Ry8WBSluhYl88x5dKdfusNpOMviR91s9ymyb2aC', 3, 21, 21, NULL, NULL, NULL, NULL, NULL, NULL, NULL, 'fototemp.png', NULL, NULL, 1, 0, '', '', '', '', '', '', NULL, NULL),
(269, NULL, 'E_13_M_GUAICAIPURO', '$2y$10$ByKjYLkxD1YXs50q.6gdCOE4KaF2CWPsHHJ1XQqwMJD8K/uyBQbFa', 3, 13, 3, NULL, NULL, NULL, NULL, NULL, NULL, NULL, 'fototemp.png', NULL, NULL, 1, 0, '', '', '', '', '', '', NULL, NULL),
(270, NULL, 'E_13_M_ACEVEDO', '$2y$10$lttav4PzdSFmiwDFcTlTB.hD9gkhlLzx90KYhlF1ktfCJNZFjynqS', 3, 13, 1, NULL, NULL, NULL, NULL, NULL, NULL, NULL, 'fototemp.png', NULL, NULL, 1, 0, '', '', '', '', '', '', NULL, NULL),
(271, NULL, 'E_13_M_ANDRES_BELLO', '$2y$10$0ikuqTWGsXGZf6S.BebnZ.nC93Fks8TooS9eYdPTdh.InWllEOlL6', 3, 13, 14, NULL, NULL, NULL, NULL, NULL, NULL, NULL, 'fototemp.png', NULL, NULL, 1, 0, '', '', '', '', '', '', NULL, NULL),
(272, NULL, 'E_13_M_BARUTA', '$2y$10$7ThU.YHu2lPrrq9UwvFn2uL761Dv9QiMcVckParovfuL/myCkNt9a', 3, 13, 16, NULL, NULL, NULL, NULL, NULL, NULL, NULL, 'fototemp.png', NULL, NULL, 1, 0, '', '', '', '', '', '', NULL, NULL),
(273, NULL, 'E_13_M_BRION', '$2y$10$8t.ntcnoBwUIJNbrcn7yCOPJNnsLAm9KcrJZkNdfo4X0yJU/G1qhm', 3, 13, 2, NULL, NULL, NULL, NULL, NULL, NULL, NULL, 'fototemp.png', NULL, NULL, 1, 0, '', '', '', '', '', '', NULL, NULL),
(274, NULL, 'E_13_M_BUROZ', '$2y$10$EQuZLR2El/gIY9pl4WbrXOJBNxv5Jq.8KgyjO5XcVkteS5440Rbe2', 3, 13, 20, NULL, NULL, NULL, NULL, NULL, NULL, NULL, 'fototemp.png', NULL, NULL, 1, 0, '', '', '', '', '', '', NULL, NULL),
(275, NULL, 'E_13_M_CARRIZAL', '$2y$10$wbcLBuBPvNGhbgQUUFVIpuvflfm230dMUhIA7PyBDwcycANNqVjEW', 3, 13, 17, NULL, NULL, NULL, NULL, NULL, NULL, NULL, 'fototemp.png', NULL, NULL, 1, 0, '', '', '', '', '', '', NULL, NULL),
(276, NULL, 'E_13_M_CHACAO', '$2y$10$DmnM9esSMP4U0sAmPmgemu2ZuoesVfR.RQiEX2R62hmHIMrQUe3ry', 3, 13, 18, NULL, NULL, NULL, NULL, NULL, NULL, NULL, 'fototemp.png', NULL, NULL, 1, 0, '', '', '', '', '', '', NULL, NULL),
(277, NULL, 'E_13_M_CRISTOBAL_ROJAS', '$2y$10$nTmlqGWI8czSjCqeDwdLx.7qdIC6EBIK8A3I3CffeG4ipe1QRXvhC', 3, 13, 12, NULL, NULL, NULL, NULL, NULL, NULL, NULL, 'fototemp.png', NULL, NULL, 1, 0, '', '', '', '', '', '', NULL, NULL),
(278, NULL, 'E_13_M_EL_HATILLO', '$2y$10$W1/7BhP/p7G33p3IYBum5.7jmhvWHsRvtUcDZOxq0Gui9vNHjtuIO', 3, 13, 19, NULL, NULL, NULL, NULL, NULL, NULL, NULL, 'fototemp.png', NULL, NULL, 1, 0, '', '', '', '', '', '', NULL, NULL),
(279, NULL, 'E_13_M_INDEPENDENCIA', '$2y$10$DqrkaDry2c448/CplTklTevxhUFV7b7xpIIGBctfZaENFjv5zg.8C', 3, 13, 4, NULL, NULL, NULL, NULL, NULL, NULL, NULL, 'fototemp.png', NULL, NULL, 1, 0, '', '', '', '', '', '', NULL, NULL),
(280, NULL, 'E_13_M_LANDER', '$2y$10$H7Ga1f3IJTh/lGQlPFZhpuifEIQhxllDDNM3KXnTtjYqRgTMwO4me', 3, 13, 5, NULL, NULL, NULL, NULL, NULL, NULL, NULL, 'fototemp.png', NULL, NULL, 1, 0, '', '', '', '', '', '', NULL, NULL),
(281, NULL, 'E_13_M_LOS_SALIAS', '$2y$10$6Upby5H1U0fahW4OI3.LguLihPolfvBpJswdcTXsdeuJpVFsM8aXy', 3, 13, 13, NULL, NULL, NULL, NULL, NULL, NULL, NULL, 'fototemp.png', NULL, NULL, 1, 0, '', '', '', '', '', '', NULL, NULL),
(282, NULL, 'E_13_M_PAEZ', '$2y$10$mWnzrPJYQC.qw/pA9fLveepM2DfgE8ZHLgH//9InSoeO84q1WkcMK', 3, 13, 6, NULL, NULL, NULL, NULL, NULL, NULL, NULL, 'fototemp.png', NULL, NULL, 1, 0, '', '', '', '', '', '', NULL, NULL),
(283, NULL, 'E_13_M_PAZ_CASTILLO', '$2y$10$S4w8oVAGoE0OTeUhGnk/b.AZ9kIiV0bqmWbCJkyXEs.B7waj38sW2', 3, 13, 7, NULL, NULL, NULL, NULL, NULL, NULL, NULL, 'fototemp.png', NULL, NULL, 1, 0, '', '', '', '', '', '', NULL, NULL),
(284, NULL, 'E_13_M_PEDRO_GUAL', '$2y$10$eIY2qOVz7re.MY/D5FiEOO4U0JIJtnhEXwFh3N18RCKeV24w509cC', 3, 13, 21, NULL, NULL, NULL, NULL, NULL, NULL, NULL, 'fototemp.png', NULL, NULL, 1, 0, '', '', '', '', '', '', NULL, NULL),
(285, NULL, 'E_13_M_PLAZA', '$2y$10$aD8Gt1EIQayLBwd2e8Ip5uEWCbTlAkocUU/N.R9GaKhO2/pAED9Kq', 3, 13, 8, NULL, NULL, NULL, NULL, NULL, NULL, NULL, 'fototemp.png', NULL, NULL, 1, 0, '', '', '', '', '', '', NULL, NULL),
(286, NULL, 'E_13_M_SIMON_BOLIVAR', '$2y$10$GZhzC1xqX8nt/zeXSh.5yO2hH7AT5hrdMedML4FyDR1/sS0NdCQ2q', 3, 13, 15, NULL, NULL, NULL, NULL, NULL, NULL, NULL, 'fototemp.png', NULL, NULL, 1, 0, '', '', '', '', '', '', NULL, NULL),
(287, NULL, 'E_13_M_SUCRE', '$2y$10$3vFrkgXZIjL3.l5y/loNdO4Mo15Km2pelvUplMxQovNInIym0srNe', 3, 13, 9, NULL, NULL, NULL, NULL, NULL, NULL, NULL, 'fototemp.png', NULL, NULL, 1, 0, '', '', '', '', '', '', NULL, NULL),
(288, NULL, 'E_13_M_URDANETA', '$2y$10$zYcUducVo0koh0Q9jio7Hepq3xYQZy5gLD/lHSNwc9B3TErrnSzRy', 3, 13, 10, NULL, NULL, NULL, NULL, NULL, NULL, NULL, 'fototemp.png', NULL, NULL, 1, 0, '', '', '', '', '', '', NULL, NULL),
(289, NULL, 'E_13_M_ZAMORA', '$2y$10$RxOCGkaSEI3cHb2eTe4vKuiyxuUZHQc8j9LfpMZJQbEDUncYQH/ge', 3, 13, 11, NULL, NULL, NULL, NULL, NULL, NULL, NULL, 'fototemp.png', NULL, NULL, 1, 0, '', '', '', '', '', '', NULL, NULL),
(290, NULL, 'E_14_M_MATURIN', '$2y$10$ccsJ/iTtzXWs0OHWr9JrROoujQF9EI4z30jDi/w0hys/Dq.9u9S5O', 3, 14, 7, NULL, NULL, NULL, NULL, NULL, NULL, NULL, 'fototemp.png', NULL, NULL, 1, 0, '', '', '', '', '', '', NULL, NULL),
(291, NULL, 'E_14_M_ACOSTA', '$2y$10$/q9vdoQbpo5JFiYc8yebieZcrCu6v21fL..c.Z9sYiZhxexoXAOAa', 3, 14, 1, NULL, NULL, NULL, NULL, NULL, NULL, NULL, 'fototemp.png', NULL, NULL, 1, 0, '', '', '', '', '', '', NULL, NULL),
(292, NULL, 'E_14_M_AGUASAY', '$2y$10$mOykERQY3YF2vAsgUanBEu2SPWsbtz976mlYyN/7mBYL8suEHmwzK', 3, 14, 11, NULL, NULL, NULL, NULL, NULL, NULL, NULL, 'fototemp.png', NULL, NULL, 1, 0, '', '', '', '', '', '', NULL, NULL),
(293, NULL, 'E_14_M_BOLIVAR', '$2y$10$EECxlKSqC73iYJ39YglAeer73/cgLWI4scB4g1BM2V1l9mLkTFOs2', 3, 14, 2, NULL, NULL, NULL, NULL, NULL, NULL, NULL, 'fototemp.png', NULL, NULL, 1, 0, '', '', '', '', '', '', NULL, NULL),
(294, NULL, 'E_14_M_CARIPE', '$2y$10$6Jr4FKqoVUh0.jxJSK.rku1thnSvTGbX8lcmK4zBLSLxPL43l/nwm', 3, 14, 3, NULL, NULL, NULL, NULL, NULL, NULL, NULL, 'fototemp.png', NULL, NULL, 1, 0, '', '', '', '', '', '', NULL, NULL),
(295, NULL, 'E_14_M_CEDEÑO', '$2y$10$W3WajbuV1S1NETSUOeg8zueIw7HjT4FOivP7w8RS2uZc1vlhNEQMm', 3, 14, 4, NULL, NULL, NULL, NULL, NULL, NULL, NULL, 'fototemp.png', NULL, NULL, 1, 0, '', '', '', '', '', '', NULL, NULL),
(296, NULL, 'E_14_M_EZEQUIEL_ZAMORA', '$2y$10$8/TvSPhlYUf4m4eaP.CbVObXuuVhc.YAwbZ9XBL4Ah6yHdDVEr0WO', 3, 14, 5, NULL, NULL, NULL, NULL, NULL, NULL, NULL, 'fototemp.png', NULL, NULL, 1, 0, '', '', '', '', '', '', NULL, NULL),
(297, NULL, 'E_14_M_LIBERTADOR', '$2y$10$viaMgYG32i2HAAGoulfTVuuWhcwIweIGJ9rIOPJ.pE2os2gvn2Ihy', 3, 14, 6, NULL, NULL, NULL, NULL, NULL, NULL, NULL, 'fototemp.png', NULL, NULL, 1, 0, '', '', '', '', '', '', NULL, NULL),
(298, NULL, 'E_14_M_PIAR', '$2y$10$SYtyUoNMznF/o7yFHnsxqex3MoPo9Eqszcm.4Tl/zZlyYk5CPUEdC', 3, 14, 8, NULL, NULL, NULL, NULL, NULL, NULL, NULL, 'fototemp.png', NULL, NULL, 1, 0, '', '', '', '', '', '', NULL, NULL),
(299, NULL, 'E_14_M_PUNCERES', '$2y$10$AAIawdAL0BIa/TVkqUP1uO4pOSm9sjOzy0lXjN4/.Rc3uGXWwtdti', 3, 14, 9, NULL, NULL, NULL, NULL, NULL, NULL, NULL, 'fototemp.png', NULL, NULL, 1, 0, '', '', '', '', '', '', NULL, NULL),
(300, NULL, 'E_14_M_SANTA_BARBARA', '$2y$10$mTY3e/4US3wwXkrikNMxn.ehxD5lpgO.xDnLLCzoLP6l1KpSLcPoG', 3, 14, 12, NULL, NULL, NULL, NULL, NULL, NULL, NULL, 'fototemp.png', NULL, NULL, 1, 0, '', '', '', '', '', '', NULL, NULL),
(301, NULL, 'E_14_M_SOTILLO', '$2y$10$n3prOXJrVA9N2i8nGsAuse/wcCotslp5oAHJMhcycz8DBfgHZhSY6', 3, 14, 10, NULL, NULL, NULL, NULL, NULL, NULL, NULL, 'fototemp.png', NULL, NULL, 1, 0, '', '', '', '', '', '', NULL, NULL),
(302, NULL, 'E_14_M_URACOA', '$2y$10$WA2R0gY3/P.2WNj/hUmvyOTvEa8NmWFwbg.SggcgKKFTBhl.Uj5r6', 3, 14, 13, NULL, NULL, NULL, NULL, NULL, NULL, NULL, 'fototemp.png', NULL, NULL, 1, 0, '', '', '', '', '', '', NULL, NULL),
(303, NULL, 'E_15_M_ARISMENDI', '$2y$10$fUG0r5H1aAm4U6pHbfCMRu8iABnPshRIFZCKWpCxOIlAajdFgL43y', 3, 15, 1, NULL, NULL, NULL, NULL, NULL, NULL, NULL, 'fototemp.png', NULL, NULL, 1, 0, '', '', '', '', '', '', NULL, NULL),
(304, NULL, 'E_15_M_ANTOLIN_DEL_CAMPO', '$2y$10$2LQFH4yeJpmqHm9UiGdfZ.Io6nJn/x2rT5ZwP8RT7fzbB2yazIIDe', 3, 15, 10, NULL, NULL, NULL, NULL, NULL, NULL, NULL, 'fototemp.png', NULL, NULL, 1, 0, '', '', '', '', '', '', NULL, NULL),
(305, NULL, 'E_15_M_DIAZ', '$2y$10$V3shAW55pExQ4eKGIqE5ZOHHkO8CSlDhHYm8/z6zwycZ3o1xFwvFC', 3, 15, 2, NULL, NULL, NULL, NULL, NULL, NULL, NULL, 'fototemp.png', NULL, NULL, 1, 0, '', '', '', '', '', '', NULL, NULL),
(306, NULL, 'E_15_M_GARCIA', '$2y$10$H1ks1G6.68Tbg1lH4726xesLlteRDMgLAMvUQ/1DXRF.T1i2lIwYu', 3, 15, 11, NULL, NULL, NULL, NULL, NULL, NULL, NULL, 'fototemp.png', NULL, NULL, 1, 0, '', '', '', '', '', '', NULL, NULL),
(307, NULL, 'E_15_M_GOMEZ', '$2y$10$f4ycrQrkzC7fkXEHXR66TuVJu.XCJ9dGpFb9L1tRB9DGIJy9hmK1e', 3, 15, 3, NULL, NULL, NULL, NULL, NULL, NULL, NULL, 'fototemp.png', NULL, NULL, 1, 0, '', '', '', '', '', '', NULL, NULL),
(308, NULL, 'E_15_M_MANEIRO', '$2y$10$WZHPIB.UZQ1yXJXdHben/ev8Og6yD.l2nAaRMLkRMPv/kc55BSAk2', 3, 15, 4, NULL, NULL, NULL, NULL, NULL, NULL, NULL, 'fototemp.png', NULL, NULL, 1, 0, '', '', '', '', '', '', NULL, NULL),
(309, NULL, 'E_15_M_MARCANO', '$2y$10$xOho.ytR4wDSrAAhbK96BeF84cuq4kJDKf1ErtEJRcs4wbsJ/KoC.', 3, 15, 5, NULL, NULL, NULL, NULL, NULL, NULL, NULL, 'fototemp.png', NULL, NULL, 1, 0, '', '', '', '', '', '', NULL, NULL),
(310, NULL, 'E_15_M_MARIÑO', '$2y$10$DKugm/RvEFH6prpJ0IJRT.PlR4G9nOKrBLPEdiuZfmTC3nRPK1oL.', 3, 15, 6, NULL, NULL, NULL, NULL, NULL, NULL, NULL, 'fototemp.png', NULL, NULL, 1, 0, '', '', '', '', '', '', NULL, NULL),
(311, NULL, 'E_15_M_PENIN._DE_MACANAO', '$2y$10$0ydFaRFjtHhtxeV8hE/xnO2YFyQ4HdSnhZB2HVqrWIDrOu7oEX/ou', 3, 15, 7, NULL, NULL, NULL, NULL, NULL, NULL, NULL, 'fototemp.png', NULL, NULL, 1, 0, '', '', '', '', '', '', NULL, NULL),
(312, NULL, 'E_15_M_TUBORES', '$2y$10$8C6/JRPGn8lqR3slSSilJOte1IR54XLxG1csJ1MadP2/HGIHvZAMS', 3, 15, 9, NULL, NULL, NULL, NULL, NULL, NULL, NULL, 'fototemp.png', NULL, NULL, 1, 0, '', '', '', '', '', '', NULL, NULL),
(313, NULL, 'E_15_M_VILLALBA_I_COCHE', '$2y$10$yLgPoxcuqtAO0dnTsJaBd.a5nrQhTvp3HUJsMyWxqDaTpBraQbGqK', 3, 15, 8, NULL, NULL, NULL, NULL, NULL, NULL, NULL, 'fototemp.png', NULL, NULL, 1, 0, '', '', '', '', '', '', NULL, NULL),
(314, NULL, 'E_16_M_GUANARE', '$2y$10$a7sjdzYTQZ.keuf4R2muIu/SahbKd/sTbelX4FxPT10EvyWIie9vG', 3, 16, 3, NULL, NULL, NULL, NULL, NULL, NULL, NULL, 'fototemp.png', NULL, NULL, 1, 0, '', '', '', '', '', '', NULL, NULL),
(315, NULL, 'E_16_M_AGUA_BLANCA', '$2y$10$t2/zwu7V9qvVulowL55ibekg6pHU1vo0qTQ703/EKN0xDc32Ped/K', 3, 16, 10, NULL, NULL, NULL, NULL, NULL, NULL, NULL, 'fototemp.png', NULL, NULL, 1, 0, '', '', '', '', '', '', NULL, NULL),
(316, NULL, 'E_16_M_ARAURE', '$2y$10$w1zY4UpgsXPZul53jHl0H.It3yeHj4s.oB5mT4p0WqXh5elIyVdjS', 3, 16, 1, NULL, NULL, NULL, NULL, NULL, NULL, NULL, 'fototemp.png', NULL, NULL, 1, 0, '', '', '', '', '', '', NULL, NULL),
(317, NULL, 'E_16_M_ESTELLER', '$2y$10$XCNWL2aoHrky.51mp8yRD.BuaptPQz51Y.W1AtCqC0m3q/d9jsa3C', 3, 16, 2, NULL, NULL, NULL, NULL, NULL, NULL, NULL, 'fototemp.png', NULL, NULL, 1, 0, '', '', '', '', '', '', NULL, NULL),
(318, NULL, 'E_16_M_GENARO_BOCONOITO', '$2y$10$uu6TJ0MwIYz07AYAXCLyhurOw/Nj/R2tGrVFTheKtPl6MSkKK7zC.', 3, 16, 12, NULL, NULL, NULL, NULL, NULL, NULL, NULL, 'fototemp.png', NULL, NULL, 1, 0, '', '', '', '', '', '', NULL, NULL),
(319, NULL, 'E_16_M_GUANARITO', '$2y$10$shywgbp8QcU6MwuISsknHuaTB39Q/jItIT02j/M59XJZh9EFqdpWi', 3, 16, 4, NULL, NULL, NULL, NULL, NULL, NULL, NULL, 'fototemp.png', NULL, NULL, 1, 0, '', '', '', '', '', '', NULL, NULL),
(320, NULL, 'E_16_M_M.JOSE_V_DE_UNDA', '$2y$10$QKNtMAXitqvOoh3IwFijR.mnpxUDTbU1KJ7ddB6fY7wwGqtlHbQey', 3, 16, 9, NULL, NULL, NULL, NULL, NULL, NULL, NULL, 'fototemp.png', NULL, NULL, 1, 0, '', '', '', '', '', '', NULL, NULL),
(321, NULL, 'E_16_M_OSPINO', '$2y$10$IXMs/Q1s.B51vL/Mr3AtfeKgn0Xg3ulfotoRlEaGo3OFjuPgIF2kW', 3, 16, 5, NULL, NULL, NULL, NULL, NULL, NULL, NULL, 'fototemp.png', NULL, NULL, 1, 0, '', '', '', '', '', '', NULL, NULL),
(322, NULL, 'E_16_M_PAEZ', '$2y$10$vecNomKGZBlxHg2.IIAJLuyOmx9vrgpeFVv3uIVPdRWnAZyKZKzsq', 3, 16, 6, NULL, NULL, NULL, NULL, NULL, NULL, NULL, 'fototemp.png', NULL, NULL, 1, 0, '', '', '', '', '', '', NULL, NULL),
(323, NULL, 'E_16_M_PAPELON', '$2y$10$VFwu9tDHnhU.EcUYRu79FeXkos8SYr7sKmR1V2ClcO80qoTVqYFRK', 3, 16, 11, NULL, NULL, NULL, NULL, NULL, NULL, NULL, 'fototemp.png', NULL, NULL, 1, 0, '', '', '', '', '', '', NULL, NULL),
(324, NULL, 'E_16_M_SANTA_ROSALIA', '$2y$10$YDMZ9Obryl9WM2W7mzzFC.asM86VMK9vOLUW7DGBlrpc0ob0Qa33a', 3, 16, 14, NULL, NULL, NULL, NULL, NULL, NULL, NULL, 'fototemp.png', NULL, NULL, 1, 0, '', '', '', '', '', '', NULL, NULL),
(325, NULL, 'E_16_M_RAFAEL_DE_ONOTO', '$2y$10$vaAs6LF1UP.CD/9ixtB.ue/itJZnOV8GTG4p0lwXZ.qMJx.FtaLhy', 3, 16, 13, NULL, NULL, NULL, NULL, NULL, NULL, NULL, 'fototemp.png', NULL, NULL, 1, 0, '', '', '', '', '', '', NULL, NULL),
(326, NULL, 'E_16_M_SUCRE', '$10$OZcq1iDbLI3Dk7/rOuDcNOTg2FIYpvzambEMaG9nrLZiOm4sdIQWm', 3, 16, 7, NULL, NULL, NULL, NULL, NULL, NULL, NULL, 'fototemp.png', NULL, NULL, 1, 0, '', '', '', '', '', '', NULL, NULL),
(327, NULL, 'E_16_M_TUREN', '$2y$10$JYCKYj.KI2SzghBxejltpeX3LPGG1U4VXNFseIf3vkwpzYoiOsHEa', 3, 16, 8, NULL, NULL, NULL, NULL, NULL, NULL, NULL, 'fototemp.png', NULL, NULL, 1, 0, '', '', '', '', '', '', NULL, NULL),
(328, NULL, 'E_17_M_SUCRE', '$2y$10$YsnF6nNp5uCq724s2QHX6O9djlxLS3jzV6UbSbYWajhDWsb0VmlcS', 3, 17, 9, NULL, NULL, NULL, NULL, NULL, NULL, NULL, 'fototemp.png', NULL, NULL, 1, 0, '', '', '', '', '', '', NULL, NULL),
(329, NULL, 'E_17_M_ANDRES_ELOY_BLANCO', '$2y$10$HQ9BfJEDo7z2ssCfKNIZjecFVbf1QjNC5B.8CyrDUNMxmdUb4ANbq', 3, 17, 11, NULL, NULL, NULL, NULL, NULL, NULL, NULL, 'fototemp.png', NULL, NULL, 1, 0, '', '', '', '', '', '', NULL, NULL),
(330, NULL, 'E_17_M_ANDRES_MATA', '$2y$10$3Hl.7iS2e6xc8DFTfE1y0Oj3x3c.hz0Uy8MviBzHhh4SnRMO1I0W.', 3, 17, 13, NULL, NULL, NULL, NULL, NULL, NULL, NULL, 'fototemp.png', NULL, NULL, 1, 0, '', '', '', '', '', '', NULL, NULL),
(331, NULL, 'E_17_M_ARISMENDI', '$2y$10$bm/mdBRpEHgCun.u1h4zFOjrxDZGZ5rMiLU31PTbJJ61WtAe9atP6', 3, 17, 1, NULL, NULL, NULL, NULL, NULL, NULL, NULL, 'fototemp.png', NULL, NULL, 1, 0, '', '', '', '', '', '', NULL, NULL),
(332, NULL, 'E_17_M_BENITEZ', '$2y$10$fAH/XlJFP7xkvcAq0A5Q8ObqiO5pJDv.gnGd6CCbTbYOLCbAjuOQO', 3, 17, 2, NULL, NULL, NULL, NULL, NULL, NULL, NULL, 'fototemp.png', NULL, NULL, 1, 0, '', '', '', '', '', '', NULL, NULL),
(333, NULL, 'E_17_M_BERMUDEZ', '$2y$10$pNOBOPeDk.qGDHS.M/6fq.zFYqqMw4PSzzK9DcXGgxjXKRF4bULEO', 3, 17, 3, NULL, NULL, NULL, NULL, NULL, NULL, NULL, 'fototemp.png', NULL, NULL, 1, 0, '', '', '', '', '', '', NULL, NULL),
(334, NULL, 'E_17_M_BOLIVAR', '$2y$10$gXS1Vla/KmvxJWaPsVagpuLQtNYY3Eb/3T.M909vwcw99KQxLKyYy', 3, 17, 14, NULL, NULL, NULL, NULL, NULL, NULL, NULL, 'fototemp.png', NULL, NULL, 1, 0, '', '', '', '', '', '', NULL, NULL),
(335, NULL, 'E_17_M_CAJIGAL', '$2y$10$oGtm4LmJH6R8sBsunuEOQ.CoN48PFBHU2JMn1FZ4wee15BxyHg39i', 3, 17, 4, NULL, NULL, NULL, NULL, NULL, NULL, NULL, 'fototemp.png', NULL, NULL, 1, 0, '', '', '', '', '', '', NULL, NULL),
(336, NULL, 'E_17_M_CRUZ_S_ACOSTA', '$2y$10$OZcq1iDbLI3Dk7/rOuDcNOTg2FIYpvzambEMaG9nrLZiOm4sdIQWm', 3, 17, 15, NULL, NULL, NULL, NULL, NULL, NULL, NULL, 'fototemp.png', NULL, NULL, 1, 0, '', '', '', '', '', '', NULL, NULL),
(337, NULL, 'E_17_M_LIBERTADOR', '$2y$10$ASRGrXz5AQL3cDUjmaTjy.80lwQ8PD6PbFZnqpKxgboQwi4mp/khm', 3, 17, 12, 'V', '20346858', 'EFRAIN', 'ACUÑA', '04248446', 'email@email.co', NULL, 'E_17_M_LIBERTADOR.png', NULL, NULL, 1, 1, '', NULL, '', '', '', '', NULL, NULL),
(338, NULL, 'E_17_M_MARIÑO', '$2y$10$ufJqOE.M/FH6cuJ3eSZmPOj8kBAMkUNfA.pJDJZR0yT.WLjOdtWh6', 3, 17, 5, NULL, NULL, NULL, NULL, NULL, NULL, NULL, 'fototemp.png', NULL, NULL, 1, 0, '', '', '', '', '', '', NULL, NULL),
(339, NULL, 'E_17_M_MEJIA', '$2y$10$i846ZX0qq5.PDKqpoysXzOENf69NYZ/ro4Tzmuuc2s2Nn0rq7fWg.', 3, 17, 6, NULL, NULL, NULL, NULL, NULL, NULL, NULL, 'fototemp.png', NULL, NULL, 1, 0, '', '', '', '', '', '', NULL, NULL),
(340, NULL, 'E_17_M_MONTES', '$2y$10$54lAyhTS/SvyG8..yxQgJO98XH4tny3l4Pa/qZkHekD.3PsPV72VO', 3, 17, 7, NULL, NULL, NULL, NULL, NULL, NULL, NULL, 'fototemp.png', NULL, NULL, 1, 0, '', '', '', '', '', '', NULL, NULL),
(341, NULL, 'E_17_M_RIBERO', '$2y$10$imnAcy.phwVr5mgK7jiGF.BvSUJ53EZdYOM5FhoDFrFDAExyehOMu', 3, 17, 8, NULL, NULL, NULL, NULL, NULL, NULL, NULL, 'fototemp.png', NULL, NULL, 1, 0, '', '', '', '', '', '', NULL, NULL),
(342, NULL, 'E_17_M_VALDEZ', '$2y$10$5nlcmr9uatkuFGCfCnljG.NAJJi9HAUJ7GdcXzRNvGq4xMx6zC.2K', 3, 17, 10, NULL, NULL, NULL, NULL, NULL, NULL, NULL, 'fototemp.png', NULL, NULL, 1, 0, '', '', '', '', '', '', NULL, NULL),
(343, NULL, 'E_4_M_GIRARDOT', '$2y$10$PjqVyNBCX0hAcqFcUMzRwOAWGXYmNbkMP2sINwk06trWr/VxInNQK', 3, 4, 1, NULL, NULL, NULL, NULL, NULL, NULL, NULL, 'fototemp.png', NULL, NULL, 1, 0, '', '', '', '', '', '', NULL, NULL),
(344, NULL, 'E_4_M_SANTIAGO_MARIÑO', '$2y$10$1lUXIFNT3tTYryn3a20OvepoREejx21Fkx6BtZ.vxUbNWjidYXr2K', 3, 4, 2, NULL, NULL, NULL, NULL, NULL, NULL, NULL, 'fototemp.png', NULL, NULL, 1, 0, '', '', '', '', '', '', NULL, NULL),
(345, NULL, 'E_4_M_JOSE_FELIX_RIBAS', '$2y$10$dTq1YSh8LRovaOEY5FtVg.O5JwqLYF7TQebZ7VFI5Vt5dYygaUzaS', 3, 4, 3, NULL, NULL, NULL, NULL, NULL, NULL, NULL, 'fototemp.png', NULL, NULL, 1, 0, '', '', '', '', '', '', NULL, NULL),
(346, NULL, 'E_4_M_SAN_CASIMIRO', '$2y$10$z2fYtX2Ttx.DcHSyvNEoBO7ldBZk9clx5iVTXNPWcEXhBph7Pe4Cq', 3, 4, 4, NULL, NULL, NULL, NULL, NULL, NULL, NULL, 'fototemp.png', NULL, NULL, 1, 0, '', '', '', '', '', '', NULL, NULL),
(347, NULL, 'E_4_M_SAN_SEBASTIAN', '$2y$10$iPallj1yEda0GhDNdlBIq.xys/pkMefOqcgYAAo2D5Tkiv/HGA8LC', 3, 4, 5, NULL, NULL, NULL, NULL, NULL, NULL, NULL, 'fototemp.png', NULL, NULL, 1, 0, '', '', '', '', '', '', NULL, NULL),
(348, NULL, 'E_4_M_SUCRE', '$2y$10$sqlIRoDNl4UF55a.ZM0SWuCdYLYhCEb5UV0dTb9v7YIU3pxyqrv.6', 3, 4, 6, 'V', '20346858', 'EFRAIN', 'ACUÃ‘A', '02934510377', 'salzar.jas@gmail.com', NULL, 'fototemp.png', NULL, NULL, 1, 1, '', '', '', '', '', '', NULL, NULL),
(349, NULL, 'E_4_M_URDANETA', '$2y$10$9mBcucxPJUPFTw8qOc7T2uDWKDq7CB95eyypYZj4yH8tNsQswdzK.', 3, 4, 7, NULL, NULL, NULL, NULL, NULL, NULL, NULL, 'fototemp.png', NULL, NULL, 1, 0, '', '', '', '', '', '', NULL, NULL),
(350, NULL, 'E_4_M_ZAMORA', '$2y$10$3zrBIx8Ny3/elAu.Ygbyse8QIsZZoKyzT7lOSo4ITF.TXzINFFeXK', 3, 4, 8, NULL, NULL, NULL, NULL, NULL, NULL, NULL, 'fototemp.png', NULL, NULL, 1, 0, '', '', '', '', '', '', NULL, NULL),
(351, NULL, 'E_4_M_LIBERTADOS', '$2y$10$1ZWitfbG5Prfr2vzZQLZz.buDcG3aHZSyFsznP3YD3GoXBSw91GeO', 3, 4, 9, NULL, NULL, NULL, NULL, NULL, NULL, NULL, 'fototemp.png', NULL, NULL, 1, 0, '', '', '', '', '', '', NULL, NULL),
(352, NULL, 'E_4_M_JOSE_ANGEL_LAMAS', '$2y$10$ChqVZwxlla3Y1FXBzKCd7uZPqxhFMgSe4ujTHQyDJ7eiePaC6ovJm', 3, 4, 10, NULL, NULL, NULL, NULL, NULL, NULL, NULL, 'fototemp.png', NULL, NULL, 1, 0, '', '', '', '', '', '', NULL, NULL),
(353, NULL, 'E_4_M_BOLIVAR', '$2y$10$KmrjgbI7z40jExDth0kvuOD1Oh7RiFa0K0BXzhjdm7LGvwNugmB7O', 3, 4, 11, NULL, NULL, NULL, NULL, NULL, NULL, NULL, 'fototemp.png', NULL, NULL, 1, 0, '', '', '', '', '', '', NULL, NULL),
(354, NULL, 'E_4_M_SANTOS_MICHELENA', '$2y$10$s0xrLdhdaZJcQMS3tomXAezwuPNOzmKieAigNgqWDEioj6gs5PU6m', 3, 4, 12, NULL, NULL, NULL, NULL, NULL, NULL, NULL, 'fototemp.png', NULL, NULL, 1, 0, '', '', '', '', '', '', NULL, NULL),
(355, NULL, 'E_4_M_MARIO_BRICEÑO_IRAGORRY', '$2y$10$Ox4W1YqT1oAmNB.3eJfgd.dimys2kNDYkwexafSnvUerPAiiuhHvy', 3, 4, 13, NULL, NULL, NULL, NULL, NULL, NULL, NULL, 'fototemp.png', NULL, NULL, 1, 0, '', '', '', '', '', '', NULL, NULL),
(356, NULL, 'E_4_M_TOVAR', '$2y$10$IIK1lIHm.zrorzecloMjo.EdDCIJRKTha8B6ZU7U9YG.oOeyzgwB2', 3, 4, 14, NULL, NULL, NULL, NULL, NULL, NULL, NULL, 'fototemp.png', NULL, NULL, 1, 0, '', '', '', '', '', '', NULL, NULL),
(357, NULL, 'E_4_M_CAMATAGUA', '$2y$10$OjdRNuyENjQVBttz5y31dO6Tje7MxKosmzjata2HVMz/6Kq5Xo01y', 3, 4, 15, NULL, NULL, NULL, NULL, NULL, NULL, NULL, 'fototemp.png', NULL, NULL, 1, 0, '', '', '', '', '', '', NULL, NULL),
(358, NULL, 'E_4_M_JOSE_RAFAEL_REVENGA', '$2y$10$Mp5cIoc5mSHlEFtcCJjKROnj/BHn9yAHKeYWLHgKIvMyPjcg7I1qa', 3, 4, 16, NULL, NULL, NULL, NULL, NULL, NULL, NULL, 'fototemp.png', NULL, NULL, 1, 0, '', '', '', '', '', '', NULL, NULL),
(359, NULL, 'E_4_M_FRANCISCO_LINARES_ALCANTARA', '$2y$10$.oWvSAytW6WopohCE3HFauTfj3v7ZLFXmHlx0ivSJWKmAhCGS385q', 3, 4, 17, NULL, NULL, NULL, NULL, NULL, NULL, NULL, 'fototemp.png', NULL, NULL, 1, 0, '', '', '', '', '', '', NULL, NULL),
(360, NULL, 'E_4_M_OCUMARE_DE_LA_COSTA', '$2y$10$9FN/qtWxgTYiMZ2JfzB1Wemn17jdg3zICZnOhjICp5vEBXTOaiPKW', 3, 4, 18, NULL, NULL, NULL, NULL, NULL, NULL, NULL, 'fototemp.png', NULL, NULL, 1, 0, '', '', '', '', '', '', NULL, NULL),
(382, '', 'mintra', '$2y$10$GWG7KpWG29OgIL7rrksRYOlSDg4ZC.rcUNzwoq2n0CYfkFEk8IxKK', 1, 1, 1, 'V', '14008562', 'Luis', 'Guaiquirian', '04265809095', 'luisguaiquirian@gmail.com', NULL, 'mintra.png', NULL, NULL, 1, 1, NULL, NULL, NULL, NULL, NULL, NULL, NULL, NULL),
(412, '', '171230078061', '$2y$10$AwwFg1R1ESv8kj04mWU4Huim1zsoRfmS/AJsFJrAQBzwWCdlEnNf6', 4, 17, 12, 'V', '14008562', 'LUIS', 'GUAIQUIRIAN', '04265809095', 'luisguaiquirian@gmail.com', NULL, 'fototemp.png', NULL, NULL, 1, 1, 'J', '30078061', 'ASOCIACIÓN CIVIL SAN JUAN', '1', NULL, 'SAN JUAN', NULL, NULL),
(414, '171230078061', '17124684536', '$2y$10$xrnBE7iXyp5MSif8nniB.upCBa/KJeQMy0pn62jrpDfzfmua0wExe', 5, 17, 12, 'V', '4684536', 'CARMEN', 'VASQUEZ', '04265809095', 'carmendeguaiquirian@gmail.com', 'HKGUJGHH', 'fototemp.png', '1234567890', '04265809095', 1, 1, NULL, NULL, 'ASOCIACIÓN CIVIL SAN JUAN', NULL, NULL, NULL, NULL, NULL),
(415, '', '179300778068', '$2y$10$CF.ues3Tzjj3B8diL7Jde.i1KkMXjCw/7JM5Oc85.850jBeCRwdWi', 4, 17, 9, 'V', '13630490', 'YUDITH', 'ARCILA', '04141449977', 'salazar.jas@gmail.com', NULL, 'fototemp.png', NULL, NULL, 1, 1, 'J', '300778068', 'COOP. GUARAUNOS', '2', NULL, 'GUARAUNOS', NULL, NULL),
(416, '179300778068', '17918212595', '$2y$10$nwCIHqjCB3.SoeEB6kDwtuPWgbk8jxOqxNsjpL8m3ZmoK7yjhcViC', 5, 17, 9, 'V', '18212595', 'MARIA', 'CORDOVA', '04265803477', 'email@email.com', NULL, 'fototemp.png', '1234567890', '04265803477', 1, 0, NULL, NULL, 'COOP. GUARAUNOS', NULL, NULL, NULL, NULL, NULL),
(420, '', '4655555555', '$2y$10$ucH5yPNtrlRAflO3q99ivedY45p3UkBut2L64f/WhyKgtzNVgvocm', 4, 4, 6, 'V', '20346858', 'EFRAIN', 'ACUÃ‘A', '02934510376', 'salzar.jas@gmail.com', NULL, 'fototemp.png', NULL, NULL, 1, 1, 'J', '55555555', 'GUACHIMANES', '3', NULL, 'CUMANA', NULL, 'assets/images/Qr/4655555555.png'),
(421, '171230078061', '171218777409', '$2y$10$zXIatwerudpgSPMNkkPI0Ou1KX/2EFiM4BsAgmuMdw9zRjvmwLO4i', 5, 17, 12, 'V', '18777409', 'LUISA', 'GUAIQUIRIAN', '04265809095', 'luisguaiquirian@gmail.com', 'DDDFASD', 'fototemp.png', '1234567890', '1234567890', 1, 0, NULL, NULL, 'ASOCIACIÓN CIVIL SAN JUAN', NULL, NULL, NULL, NULL, NULL),
(422, '171230078061', '171223582101', '$2y$10$I9UQgo87jaWSkyAypun7gOXqefRddVtNAL02SiC4fwanC/hIUCSbG', 5, 17, 12, 'V', '23582101', 'LUIS', 'BETO', '04265809095', 'salazar.jas@gmail.com', 'CALLE LA VERGA', 'fototemp.png', '1234567890', '1234567890', 1, 1, NULL, NULL, 'ASOCIACIÓN CIVIL SAN JUAN', NULL, NULL, NULL, NULL, 'assets/images/Qr/afiliados/171223582101.png');

--
-- Índices para tablas volcadas
--

--
-- Indices de la tabla `avances`
--
ALTER TABLE `avances`
  ADD PRIMARY KEY (`id`);

--
-- Indices de la tabla `cauchos`
--
ALTER TABLE `cauchos`
  ADD PRIMARY KEY (`id`);

--
-- Indices de la tabla `detalles_solicitudes`
--
ALTER TABLE `detalles_solicitudes`
  ADD PRIMARY KEY (`id`);

--
-- Indices de la tabla `lineas_transporte`
--
ALTER TABLE `lineas_transporte`
  ADD PRIMARY KEY (`id_linea`);

--
-- Indices de la tabla `lubricantes`
--
ALTER TABLE `lubricantes`
  ADD PRIMARY KEY (`id`);

--
-- Indices de la tabla `marcas_vehiculos`
--
ALTER TABLE `marcas_vehiculos`
  ADD PRIMARY KEY (`id`);

--
-- Indices de la tabla `modelos_vehiculos`
--
ALTER TABLE `modelos_vehiculos`
  ADD PRIMARY KEY (`id`);

--
-- Indices de la tabla `perfiles`
--
ALTER TABLE `perfiles`
  ADD PRIMARY KEY (`id`),
  ADD UNIQUE KEY `id` (`id`) USING BTREE;

--
-- Indices de la tabla `rubros`
--
ALTER TABLE `rubros`
  ADD PRIMARY KEY (`id`),
  ADD UNIQUE KEY `descripcion` (`descripcion`);

--
-- Indices de la tabla `rutas`
--
ALTER TABLE `rutas`
  ADD PRIMARY KEY (`id`);

--
-- Indices de la tabla `solicitudes`
--
ALTER TABLE `solicitudes`
  ADD PRIMARY KEY (`id`);

--
-- Indices de la tabla `tipo_ruta`
--
ALTER TABLE `tipo_ruta`
  ADD PRIMARY KEY (`id_ruta`);

--
-- Indices de la tabla `tipo_unidad`
--
ALTER TABLE `tipo_unidad`
  ADD PRIMARY KEY (`id`);

--
-- Indices de la tabla `unidades`
--
ALTER TABLE `unidades`
  ADD PRIMARY KEY (`id`);

--
-- Indices de la tabla `users`
--
ALTER TABLE `users`
  ADD PRIMARY KEY (`id`);

--
-- AUTO_INCREMENT de las tablas volcadas
--

--
-- AUTO_INCREMENT de la tabla `avances`
--
ALTER TABLE `avances`
  MODIFY `id` int(11) NOT NULL AUTO_INCREMENT, AUTO_INCREMENT=15;

--
-- AUTO_INCREMENT de la tabla `cauchos`
--
ALTER TABLE `cauchos`
  MODIFY `id` int(11) NOT NULL AUTO_INCREMENT, AUTO_INCREMENT=26;

--
-- AUTO_INCREMENT de la tabla `detalles_solicitudes`
--
ALTER TABLE `detalles_solicitudes`
  MODIFY `id` int(11) NOT NULL AUTO_INCREMENT, AUTO_INCREMENT=47;

--
-- AUTO_INCREMENT de la tabla `lineas_transporte`
--
ALTER TABLE `lineas_transporte`
  MODIFY `id_linea` int(11) NOT NULL AUTO_INCREMENT, AUTO_INCREMENT=3;

--
-- AUTO_INCREMENT de la tabla `lubricantes`
--
ALTER TABLE `lubricantes`
  MODIFY `id` int(11) NOT NULL AUTO_INCREMENT, AUTO_INCREMENT=6;

--
-- AUTO_INCREMENT de la tabla `marcas_vehiculos`
--
ALTER TABLE `marcas_vehiculos`
  MODIFY `id` int(11) NOT NULL AUTO_INCREMENT, AUTO_INCREMENT=80;

--
-- AUTO_INCREMENT de la tabla `rubros`
--
ALTER TABLE `rubros`
  MODIFY `id` int(11) NOT NULL AUTO_INCREMENT, AUTO_INCREMENT=4;

--
-- AUTO_INCREMENT de la tabla `rutas`
--
ALTER TABLE `rutas`
  MODIFY `id` int(11) NOT NULL AUTO_INCREMENT, AUTO_INCREMENT=30;

--
-- AUTO_INCREMENT de la tabla `solicitudes`
--
ALTER TABLE `solicitudes`
  MODIFY `id` int(11) NOT NULL AUTO_INCREMENT, AUTO_INCREMENT=60;

--
-- AUTO_INCREMENT de la tabla `tipo_ruta`
--
ALTER TABLE `tipo_ruta`
  MODIFY `id_ruta` int(11) NOT NULL AUTO_INCREMENT, AUTO_INCREMENT=6;

--
-- AUTO_INCREMENT de la tabla `tipo_unidad`
--
ALTER TABLE `tipo_unidad`
  MODIFY `id` int(11) NOT NULL AUTO_INCREMENT, AUTO_INCREMENT=7;

--
-- AUTO_INCREMENT de la tabla `unidades`
--
ALTER TABLE `unidades`
  MODIFY `id` int(11) NOT NULL AUTO_INCREMENT, AUTO_INCREMENT=67;

--
-- AUTO_INCREMENT de la tabla `users`
--
ALTER TABLE `users`
  MODIFY `id` int(11) NOT NULL AUTO_INCREMENT, AUTO_INCREMENT=423;
COMMIT;

/*!40101 SET CHARACTER_SET_CLIENT=@OLD_CHARACTER_SET_CLIENT */;
/*!40101 SET CHARACTER_SET_RESULTS=@OLD_CHARACTER_SET_RESULTS */;
/*!40101 SET COLLATION_CONNECTION=@OLD_COLLATION_CONNECTION */;
